--
-- PostgreSQL database dump
--

-- Dumped from database version 15.9 (Homebrew)
-- Dumped by pg_dump version 15.9 (Homebrew)

SET statement_timeout = 0;
SET lock_timeout = 0;
SET idle_in_transaction_session_timeout = 0;
SET client_encoding = 'UTF8';
SET standard_conforming_strings = on;
SELECT pg_catalog.set_config('search_path', '', false);
SET check_function_bodies = false;
SET xmloption = content;
SET client_min_messages = warning;
SET row_security = off;

SET default_tablespace = '';

SET default_table_access_method = heap;

--
-- Name: auth_group; Type: TABLE; Schema: public; Owner: postgres
--

CREATE TABLE public.auth_group (
    id integer NOT NULL,
    name character varying(150) NOT NULL
);


ALTER TABLE public.auth_group OWNER TO postgres;

--
-- Name: auth_group_id_seq; Type: SEQUENCE; Schema: public; Owner: postgres
--

ALTER TABLE public.auth_group ALTER COLUMN id ADD GENERATED BY DEFAULT AS IDENTITY (
    SEQUENCE NAME public.auth_group_id_seq
    START WITH 1
    INCREMENT BY 1
    NO MINVALUE
    NO MAXVALUE
    CACHE 1
);


--
-- Name: auth_group_permissions; Type: TABLE; Schema: public; Owner: postgres
--

CREATE TABLE public.auth_group_permissions (
    id bigint NOT NULL,
    group_id integer NOT NULL,
    permission_id integer NOT NULL
);


ALTER TABLE public.auth_group_permissions OWNER TO postgres;

--
-- Name: auth_group_permissions_id_seq; Type: SEQUENCE; Schema: public; Owner: postgres
--

ALTER TABLE public.auth_group_permissions ALTER COLUMN id ADD GENERATED BY DEFAULT AS IDENTITY (
    SEQUENCE NAME public.auth_group_permissions_id_seq
    START WITH 1
    INCREMENT BY 1
    NO MINVALUE
    NO MAXVALUE
    CACHE 1
);


--
-- Name: auth_permission; Type: TABLE; Schema: public; Owner: postgres
--

CREATE TABLE public.auth_permission (
    id integer NOT NULL,
    name character varying(255) NOT NULL,
    content_type_id integer NOT NULL,
    codename character varying(100) NOT NULL
);


ALTER TABLE public.auth_permission OWNER TO postgres;

--
-- Name: auth_permission_id_seq; Type: SEQUENCE; Schema: public; Owner: postgres
--

ALTER TABLE public.auth_permission ALTER COLUMN id ADD GENERATED BY DEFAULT AS IDENTITY (
    SEQUENCE NAME public.auth_permission_id_seq
    START WITH 1
    INCREMENT BY 1
    NO MINVALUE
    NO MAXVALUE
    CACHE 1
);


--
-- Name: auth_user; Type: TABLE; Schema: public; Owner: postgres
--

CREATE TABLE public.auth_user (
    id integer NOT NULL,
    password character varying(128) NOT NULL,
    last_login timestamp with time zone,
    is_superuser boolean NOT NULL,
    username character varying(150) NOT NULL,
    first_name character varying(150) NOT NULL,
    last_name character varying(150) NOT NULL,
    email character varying(254) NOT NULL,
    is_staff boolean NOT NULL,
    is_active boolean NOT NULL,
    date_joined timestamp with time zone NOT NULL
);


ALTER TABLE public.auth_user OWNER TO postgres;

--
-- Name: auth_user_groups; Type: TABLE; Schema: public; Owner: postgres
--

CREATE TABLE public.auth_user_groups (
    id bigint NOT NULL,
    user_id integer NOT NULL,
    group_id integer NOT NULL
);


ALTER TABLE public.auth_user_groups OWNER TO postgres;

--
-- Name: auth_user_groups_id_seq; Type: SEQUENCE; Schema: public; Owner: postgres
--

ALTER TABLE public.auth_user_groups ALTER COLUMN id ADD GENERATED BY DEFAULT AS IDENTITY (
    SEQUENCE NAME public.auth_user_groups_id_seq
    START WITH 1
    INCREMENT BY 1
    NO MINVALUE
    NO MAXVALUE
    CACHE 1
);


--
-- Name: auth_user_id_seq; Type: SEQUENCE; Schema: public; Owner: postgres
--

ALTER TABLE public.auth_user ALTER COLUMN id ADD GENERATED BY DEFAULT AS IDENTITY (
    SEQUENCE NAME public.auth_user_id_seq
    START WITH 1
    INCREMENT BY 1
    NO MINVALUE
    NO MAXVALUE
    CACHE 1
);


--
-- Name: auth_user_user_permissions; Type: TABLE; Schema: public; Owner: postgres
--

CREATE TABLE public.auth_user_user_permissions (
    id bigint NOT NULL,
    user_id integer NOT NULL,
    permission_id integer NOT NULL
);


ALTER TABLE public.auth_user_user_permissions OWNER TO postgres;

--
-- Name: auth_user_user_permissions_id_seq; Type: SEQUENCE; Schema: public; Owner: postgres
--

ALTER TABLE public.auth_user_user_permissions ALTER COLUMN id ADD GENERATED BY DEFAULT AS IDENTITY (
    SEQUENCE NAME public.auth_user_user_permissions_id_seq
    START WITH 1
    INCREMENT BY 1
    NO MINVALUE
    NO MAXVALUE
    CACHE 1
);


--
-- Name: authtoken_token; Type: TABLE; Schema: public; Owner: postgres
--

CREATE TABLE public.authtoken_token (
    key character varying(40) NOT NULL,
    created timestamp with time zone NOT NULL,
    user_id integer NOT NULL
);


ALTER TABLE public.authtoken_token OWNER TO postgres;

--
-- Name: citizen_science_citizenscience; Type: TABLE; Schema: public; Owner: postgres
--

CREATE TABLE public.citizen_science_citizenscience (
    id bigint NOT NULL,
    title character varying(255) NOT NULL,
    description text,
    captured_by character varying(255),
    lat double precision,
    lon double precision,
    country_id bigint,
    island_id bigint,
    region_id bigint
);


ALTER TABLE public.citizen_science_citizenscience OWNER TO postgres;

--
-- Name: citizen_science_citizenscience_id_seq; Type: SEQUENCE; Schema: public; Owner: postgres
--

ALTER TABLE public.citizen_science_citizenscience ALTER COLUMN id ADD GENERATED BY DEFAULT AS IDENTITY (
    SEQUENCE NAME public.citizen_science_citizenscience_id_seq
    START WITH 1
    INCREMENT BY 1
    NO MINVALUE
    NO MAXVALUE
    CACHE 1
);


--
-- Name: citizen_science_citizensciencemedia; Type: TABLE; Schema: public; Owner: postgres
--

CREATE TABLE public.citizen_science_citizensciencemedia (
    id bigint NOT NULL,
    file character varying(100) NOT NULL,
    citizen_science_id bigint NOT NULL
);


ALTER TABLE public.citizen_science_citizensciencemedia OWNER TO postgres;

--
-- Name: citizen_science_citizensciencemedia_id_seq; Type: SEQUENCE; Schema: public; Owner: postgres
--

ALTER TABLE public.citizen_science_citizensciencemedia ALTER COLUMN id ADD GENERATED BY DEFAULT AS IDENTITY (
    SEQUENCE NAME public.citizen_science_citizensciencemedia_id_seq
    START WITH 1
    INCREMENT BY 1
    NO MINVALUE
    NO MAXVALUE
    CACHE 1
);


--
-- Name: country_country; Type: TABLE; Schema: public; Owner: postgres
--

CREATE TABLE public.country_country (
    id bigint NOT NULL,
    short_name character varying(255) NOT NULL,
    long_name character varying(255) NOT NULL,
    west_bound_longitude double precision,
    east_bound_longitude double precision,
    south_bound_latitude double precision,
    north_bound_latitude double precision,
    crs character varying(255)
);


ALTER TABLE public.country_country OWNER TO postgres;

--
-- Name: country_country_id_seq; Type: SEQUENCE; Schema: public; Owner: postgres
--

ALTER TABLE public.country_country ALTER COLUMN id ADD GENERATED BY DEFAULT AS IDENTITY (
    SEQUENCE NAME public.country_country_id_seq
    START WITH 1
    INCREMENT BY 1
    NO MINVALUE
    NO MAXVALUE
    CACHE 1
);


--
-- Name: country_country_regions; Type: TABLE; Schema: public; Owner: postgres
--

CREATE TABLE public.country_country_regions (
    id bigint NOT NULL,
    country_id bigint NOT NULL,
    region_id bigint NOT NULL
);


ALTER TABLE public.country_country_regions OWNER TO postgres;

--
-- Name: country_country_regions_id_seq; Type: SEQUENCE; Schema: public; Owner: postgres
--

ALTER TABLE public.country_country_regions ALTER COLUMN id ADD GENERATED BY DEFAULT AS IDENTITY (
    SEQUENCE NAME public.country_country_regions_id_seq
    START WITH 1
    INCREMENT BY 1
    NO MINVALUE
    NO MAXVALUE
    CACHE 1
);


--
-- Name: cyclone_track_cyclonetrack; Type: TABLE; Schema: public; Owner: postgres
--

CREATE TABLE public.cyclone_track_cyclonetrack (
    id bigint NOT NULL,
    cyclone_name character varying(255),
    issued_time timestamp with time zone,
    issued_agency character varying(255),
    track_file character varying(100) NOT NULL,
    geometry jsonb,
    geometry_computed boolean NOT NULL,
    country_id bigint,
    notify boolean NOT NULL,
    mail_configuration_id bigint,
    cyclone_track_type_id bigint
);


ALTER TABLE public.cyclone_track_cyclonetrack OWNER TO postgres;

--
-- Name: cyclone_track_cyclonetrack_id_seq; Type: SEQUENCE; Schema: public; Owner: postgres
--

ALTER TABLE public.cyclone_track_cyclonetrack ALTER COLUMN id ADD GENERATED BY DEFAULT AS IDENTITY (
    SEQUENCE NAME public.cyclone_track_cyclonetrack_id_seq
    START WITH 1
    INCREMENT BY 1
    NO MINVALUE
    NO MAXVALUE
    CACHE 1
);


--
-- Name: cyclone_track_type; Type: TABLE; Schema: public; Owner: postgres
--

CREATE TABLE public.cyclone_track_type (
    id bigint NOT NULL,
    name character varying(255) NOT NULL
);


ALTER TABLE public.cyclone_track_type OWNER TO postgres;

--
-- Name: cyclone_track_type_id_seq; Type: SEQUENCE; Schema: public; Owner: postgres
--

ALTER TABLE public.cyclone_track_type ALTER COLUMN id ADD GENERATED BY DEFAULT AS IDENTITY (
    SEQUENCE NAME public.cyclone_track_type_id_seq
    START WITH 1
    INCREMENT BY 1
    NO MINVALUE
    NO MAXVALUE
    CACHE 1
);


--
-- Name: django_admin_log; Type: TABLE; Schema: public; Owner: postgres
--

CREATE TABLE public.django_admin_log (
    id integer NOT NULL,
    action_time timestamp with time zone NOT NULL,
    object_id text,
    object_repr character varying(200) NOT NULL,
    action_flag smallint NOT NULL,
    change_message text NOT NULL,
    content_type_id integer,
    user_id integer NOT NULL,
    CONSTRAINT django_admin_log_action_flag_check CHECK ((action_flag >= 0))
);


ALTER TABLE public.django_admin_log OWNER TO postgres;

--
-- Name: django_admin_log_id_seq; Type: SEQUENCE; Schema: public; Owner: postgres
--

ALTER TABLE public.django_admin_log ALTER COLUMN id ADD GENERATED BY DEFAULT AS IDENTITY (
    SEQUENCE NAME public.django_admin_log_id_seq
    START WITH 1
    INCREMENT BY 1
    NO MINVALUE
    NO MAXVALUE
    CACHE 1
);


--
-- Name: django_content_type; Type: TABLE; Schema: public; Owner: postgres
--

CREATE TABLE public.django_content_type (
    id integer NOT NULL,
    app_label character varying(100) NOT NULL,
    model character varying(100) NOT NULL
);


ALTER TABLE public.django_content_type OWNER TO postgres;

--
-- Name: django_content_type_id_seq; Type: SEQUENCE; Schema: public; Owner: postgres
--

ALTER TABLE public.django_content_type ALTER COLUMN id ADD GENERATED BY DEFAULT AS IDENTITY (
    SEQUENCE NAME public.django_content_type_id_seq
    START WITH 1
    INCREMENT BY 1
    NO MINVALUE
    NO MAXVALUE
    CACHE 1
);


--
-- Name: django_migrations; Type: TABLE; Schema: public; Owner: postgres
--

CREATE TABLE public.django_migrations (
    id bigint NOT NULL,
    app character varying(255) NOT NULL,
    name character varying(255) NOT NULL,
    applied timestamp with time zone NOT NULL
);


ALTER TABLE public.django_migrations OWNER TO postgres;

--
-- Name: django_migrations_id_seq; Type: SEQUENCE; Schema: public; Owner: postgres
--

ALTER TABLE public.django_migrations ALTER COLUMN id ADD GENERATED BY DEFAULT AS IDENTITY (
    SEQUENCE NAME public.django_migrations_id_seq
    START WITH 1
    INCREMENT BY 1
    NO MINVALUE
    NO MAXVALUE
    CACHE 1
);


--
-- Name: django_session; Type: TABLE; Schema: public; Owner: postgres
--

CREATE TABLE public.django_session (
    session_key character varying(40) NOT NULL,
    session_data text NOT NULL,
    expire_date timestamp with time zone NOT NULL
);


ALTER TABLE public.django_session OWNER TO postgres;

--
-- Name: event; Type: TABLE; Schema: public; Owner: postgres
--

CREATE TABLE public.event (
    id bigint NOT NULL,
    country_id bigint NOT NULL,
    cyclone_track_id bigint NOT NULL,
    event_type_id bigint NOT NULL,
    model_run_id bigint
);


ALTER TABLE public.event OWNER TO postgres;

--
-- Name: event_citizen_sciences; Type: TABLE; Schema: public; Owner: postgres
--

CREATE TABLE public.event_citizen_sciences (
    id bigint NOT NULL,
    event_id bigint NOT NULL,
    citizenscience_id bigint NOT NULL
);


ALTER TABLE public.event_citizen_sciences OWNER TO postgres;

--
-- Name: event_citizen_sciences_id_seq; Type: SEQUENCE; Schema: public; Owner: postgres
--

ALTER TABLE public.event_citizen_sciences ALTER COLUMN id ADD GENERATED BY DEFAULT AS IDENTITY (
    SEQUENCE NAME public.event_citizen_sciences_id_seq
    START WITH 1
    INCREMENT BY 1
    NO MINVALUE
    NO MAXVALUE
    CACHE 1
);


--
-- Name: event_hazards; Type: TABLE; Schema: public; Owner: postgres
--

CREATE TABLE public.event_hazards (
    id bigint NOT NULL,
    event_id bigint NOT NULL,
    hazardinformation_id bigint NOT NULL
);


ALTER TABLE public.event_hazards OWNER TO postgres;

--
-- Name: event_hazards_id_seq; Type: SEQUENCE; Schema: public; Owner: postgres
--

ALTER TABLE public.event_hazards ALTER COLUMN id ADD GENERATED BY DEFAULT AS IDENTITY (
    SEQUENCE NAME public.event_hazards_id_seq
    START WITH 1
    INCREMENT BY 1
    NO MINVALUE
    NO MAXVALUE
    CACHE 1
);


--
-- Name: event_id_seq; Type: SEQUENCE; Schema: public; Owner: postgres
--

ALTER TABLE public.event ALTER COLUMN id ADD GENERATED BY DEFAULT AS IDENTITY (
    SEQUENCE NAME public.event_id_seq
    START WITH 1
    INCREMENT BY 1
    NO MINVALUE
    NO MAXVALUE
    CACHE 1
);


--
-- Name: event_risks; Type: TABLE; Schema: public; Owner: postgres
--

CREATE TABLE public.event_risks (
    id bigint NOT NULL,
    event_id bigint NOT NULL,
    riskinformation_id bigint NOT NULL
);


ALTER TABLE public.event_risks OWNER TO postgres;

--
-- Name: event_risks_id_seq; Type: SEQUENCE; Schema: public; Owner: postgres
--

ALTER TABLE public.event_risks ALTER COLUMN id ADD GENERATED BY DEFAULT AS IDENTITY (
    SEQUENCE NAME public.event_risks_id_seq
    START WITH 1
    INCREMENT BY 1
    NO MINVALUE
    NO MAXVALUE
    CACHE 1
);


--
-- Name: event_type; Type: TABLE; Schema: public; Owner: postgres
--

CREATE TABLE public.event_type (
    id bigint NOT NULL,
    event_name character varying(255) NOT NULL
);


ALTER TABLE public.event_type OWNER TO postgres;

--
-- Name: event_type_hazardtype; Type: TABLE; Schema: public; Owner: postgres
--

CREATE TABLE public.event_type_hazardtype (
    id bigint NOT NULL,
    hazard_type character varying(255) NOT NULL
);


ALTER TABLE public.event_type_hazardtype OWNER TO postgres;

--
-- Name: event_type_eventtype_id_seq; Type: SEQUENCE; Schema: public; Owner: postgres
--

ALTER TABLE public.event_type_hazardtype ALTER COLUMN id ADD GENERATED BY DEFAULT AS IDENTITY (
    SEQUENCE NAME public.event_type_eventtype_id_seq
    START WITH 1
    INCREMENT BY 1
    NO MINVALUE
    NO MAXVALUE
    CACHE 1
);


--
-- Name: event_type_id_seq; Type: SEQUENCE; Schema: public; Owner: postgres
--

ALTER TABLE public.event_type ALTER COLUMN id ADD GENERATED BY DEFAULT AS IDENTITY (
    SEQUENCE NAME public.event_type_id_seq
    START WITH 1
    INCREMENT BY 1
    NO MINVALUE
    NO MAXVALUE
    CACHE 1
);


--
-- Name: hazard_information; Type: TABLE; Schema: public; Owner: postgres
--

CREATE TABLE public.hazard_information (
    id bigint NOT NULL,
    protocol character varying(50) NOT NULL,
    url character varying(2000) NOT NULL,
    min double precision,
    max double precision,
    layer_name character varying(255),
    style character varying(255),
    country_id bigint,
    hazard_type_id bigint,
    created_at timestamp with time zone NOT NULL,
    event_type_id bigint,
    title character varying(255),
    model_run_id bigint
);


ALTER TABLE public.hazard_information OWNER TO postgres;

--
-- Name: hazard_information_id_seq; Type: SEQUENCE; Schema: public; Owner: postgres
--

ALTER TABLE public.hazard_information ALTER COLUMN id ADD GENERATED BY DEFAULT AS IDENTITY (
    SEQUENCE NAME public.hazard_information_id_seq
    START WITH 1
    INCREMENT BY 1
    NO MINVALUE
    NO MAXVALUE
    CACHE 1
);


--
-- Name: island_island; Type: TABLE; Schema: public; Owner: postgres
--

CREATE TABLE public.island_island (
    id bigint NOT NULL,
    island_name character varying(255) NOT NULL,
    country_id bigint,
    region_id bigint
);


ALTER TABLE public.island_island OWNER TO postgres;

--
-- Name: island_island_id_seq; Type: SEQUENCE; Schema: public; Owner: postgres
--

ALTER TABLE public.island_island ALTER COLUMN id ADD GENERATED BY DEFAULT AS IDENTITY (
    SEQUENCE NAME public.island_island_id_seq
    START WITH 1
    INCREMENT BY 1
    NO MINVALUE
    NO MAXVALUE
    CACHE 1
);


--
-- Name: mailer_mailconfiguration; Type: TABLE; Schema: public; Owner: postgres
--

CREATE TABLE public.mailer_mailconfiguration (
    id bigint NOT NULL,
    name character varying(120) NOT NULL,
    is_active boolean NOT NULL,
    client_id character varying(255) NOT NULL,
    authority_url character varying(500) NOT NULL,
    client_secret_value text NOT NULL,
    email_sender character varying(254) NOT NULL,
    email_sender_name character varying(255) NOT NULL,
    subject character varying(255) NOT NULL,
    body text NOT NULL,
    created_at timestamp with time zone NOT NULL,
    updated_at timestamp with time zone NOT NULL
);


ALTER TABLE public.mailer_mailconfiguration OWNER TO postgres;

--
-- Name: mailer_mailconfiguration_id_seq; Type: SEQUENCE; Schema: public; Owner: postgres
--

ALTER TABLE public.mailer_mailconfiguration ALTER COLUMN id ADD GENERATED BY DEFAULT AS IDENTITY (
    SEQUENCE NAME public.mailer_mailconfiguration_id_seq
    START WITH 1
    INCREMENT BY 1
    NO MINVALUE
    NO MAXVALUE
    CACHE 1
);


--
-- Name: mailer_mailconfiguration_recipients; Type: TABLE; Schema: public; Owner: postgres
--

CREATE TABLE public.mailer_mailconfiguration_recipients (
    id bigint NOT NULL,
    mailconfiguration_id bigint NOT NULL,
    mailrecipient_id bigint NOT NULL
);


ALTER TABLE public.mailer_mailconfiguration_recipients OWNER TO postgres;

--
-- Name: mailer_mailconfiguration_recipients_id_seq; Type: SEQUENCE; Schema: public; Owner: postgres
--

ALTER TABLE public.mailer_mailconfiguration_recipients ALTER COLUMN id ADD GENERATED BY DEFAULT AS IDENTITY (
    SEQUENCE NAME public.mailer_mailconfiguration_recipients_id_seq
    START WITH 1
    INCREMENT BY 1
    NO MINVALUE
    NO MAXVALUE
    CACHE 1
);


--
-- Name: mailer_mailrecipient; Type: TABLE; Schema: public; Owner: postgres
--

CREATE TABLE public.mailer_mailrecipient (
    id bigint NOT NULL,
    name character varying(255) NOT NULL,
    email character varying(254) NOT NULL,
    is_active boolean NOT NULL,
    created_at timestamp with time zone NOT NULL
);


ALTER TABLE public.mailer_mailrecipient OWNER TO postgres;

--
-- Name: mailer_mailrecipient_id_seq; Type: SEQUENCE; Schema: public; Owner: postgres
--

ALTER TABLE public.mailer_mailrecipient ALTER COLUMN id ADD GENERATED BY DEFAULT AS IDENTITY (
    SEQUENCE NAME public.mailer_mailrecipient_id_seq
    START WITH 1
    INCREMENT BY 1
    NO MINVALUE
    NO MAXVALUE
    CACHE 1
);


--
-- Name: model; Type: TABLE; Schema: public; Owner: postgres
--

CREATE TABLE public.model (
    id bigint NOT NULL,
    name character varying(255) NOT NULL,
    location character varying(500) NOT NULL,
    server_name character varying(255) NOT NULL,
    inputs jsonb,
    dry_run_command text NOT NULL
);


ALTER TABLE public.model OWNER TO postgres;

--
-- Name: model_domain; Type: TABLE; Schema: public; Owner: postgres
--

CREATE TABLE public.model_domain (
    id bigint NOT NULL,
    name character varying(255) NOT NULL
);


ALTER TABLE public.model_domain OWNER TO postgres;

--
-- Name: model_domain_id_seq; Type: SEQUENCE; Schema: public; Owner: postgres
--

ALTER TABLE public.model_domain ALTER COLUMN id ADD GENERATED BY DEFAULT AS IDENTITY (
    SEQUENCE NAME public.model_domain_id_seq
    START WITH 1
    INCREMENT BY 1
    NO MINVALUE
    NO MAXVALUE
    CACHE 1
);


--
-- Name: model_id_seq; Type: SEQUENCE; Schema: public; Owner: postgres
--

ALTER TABLE public.model ALTER COLUMN id ADD GENERATED BY DEFAULT AS IDENTITY (
    SEQUENCE NAME public.model_id_seq
    START WITH 1
    INCREMENT BY 1
    NO MINVALUE
    NO MAXVALUE
    CACHE 1
);


--
-- Name: model_logs; Type: TABLE; Schema: public; Owner: postgres
--

CREATE TABLE public.model_logs (
    id bigint NOT NULL,
    logs text NOT NULL,
    model_run_id bigint NOT NULL,
    status_id bigint
);


ALTER TABLE public.model_logs OWNER TO postgres;

--
-- Name: model_logs_id_seq; Type: SEQUENCE; Schema: public; Owner: postgres
--

ALTER TABLE public.model_logs ALTER COLUMN id ADD GENERATED BY DEFAULT AS IDENTITY (
    SEQUENCE NAME public.model_logs_id_seq
    START WITH 1
    INCREMENT BY 1
    NO MINVALUE
    NO MAXVALUE
    CACHE 1
);


--
-- Name: model_priority; Type: TABLE; Schema: public; Owner: postgres
--

CREATE TABLE public.model_priority (
    id bigint NOT NULL,
    name character varying(255) NOT NULL
);


ALTER TABLE public.model_priority OWNER TO postgres;

--
-- Name: model_priority_id_seq; Type: SEQUENCE; Schema: public; Owner: postgres
--

ALTER TABLE public.model_priority ALTER COLUMN id ADD GENERATED BY DEFAULT AS IDENTITY (
    SEQUENCE NAME public.model_priority_id_seq
    START WITH 1
    INCREMENT BY 1
    NO MINVALUE
    NO MAXVALUE
    CACHE 1
);


--
-- Name: model_run; Type: TABLE; Schema: public; Owner: postgres
--

CREATE TABLE public.model_run (
    id bigint NOT NULL,
    name character varying(255) NOT NULL,
    model_domain_id bigint NOT NULL,
    priority_id bigint NOT NULL,
    tc_track_id bigint NOT NULL,
    model_run_completed boolean NOT NULL
);


ALTER TABLE public.model_run OWNER TO postgres;

--
-- Name: model_run_id_seq; Type: SEQUENCE; Schema: public; Owner: postgres
--

ALTER TABLE public.model_run ALTER COLUMN id ADD GENERATED BY DEFAULT AS IDENTITY (
    SEQUENCE NAME public.model_run_id_seq
    START WITH 1
    INCREMENT BY 1
    NO MINVALUE
    NO MAXVALUE
    CACHE 1
);


--
-- Name: model_run_models; Type: TABLE; Schema: public; Owner: postgres
--

CREATE TABLE public.model_run_models (
    id bigint NOT NULL,
    modelrun_id bigint NOT NULL,
    model_id bigint NOT NULL
);


ALTER TABLE public.model_run_models OWNER TO postgres;

--
-- Name: model_run_models_id_seq; Type: SEQUENCE; Schema: public; Owner: postgres
--

ALTER TABLE public.model_run_models ALTER COLUMN id ADD GENERATED BY DEFAULT AS IDENTITY (
    SEQUENCE NAME public.model_run_models_id_seq
    START WITH 1
    INCREMENT BY 1
    NO MINVALUE
    NO MAXVALUE
    CACHE 1
);


--
-- Name: model_status; Type: TABLE; Schema: public; Owner: postgres
--

CREATE TABLE public.model_status (
    id bigint NOT NULL,
    name character varying(255) NOT NULL
);


ALTER TABLE public.model_status OWNER TO postgres;

--
-- Name: model_status_id_seq; Type: SEQUENCE; Schema: public; Owner: postgres
--

ALTER TABLE public.model_status ALTER COLUMN id ADD GENERATED BY DEFAULT AS IDENTITY (
    SEQUENCE NAME public.model_status_id_seq
    START WITH 1
    INCREMENT BY 1
    NO MINVALUE
    NO MAXVALUE
    CACHE 1
);


--
-- Name: project_project; Type: TABLE; Schema: public; Owner: postgres
--

CREATE TABLE public.project_project (
    id bigint NOT NULL,
    project_code character varying(255) NOT NULL,
    project_name character varying(255) NOT NULL
);


ALTER TABLE public.project_project OWNER TO postgres;

--
-- Name: project_project_id_seq; Type: SEQUENCE; Schema: public; Owner: postgres
--

ALTER TABLE public.project_project ALTER COLUMN id ADD GENERATED BY DEFAULT AS IDENTITY (
    SEQUENCE NAME public.project_project_id_seq
    START WITH 1
    INCREMENT BY 1
    NO MINVALUE
    NO MAXVALUE
    CACHE 1
);


--
-- Name: region_region; Type: TABLE; Schema: public; Owner: postgres
--

CREATE TABLE public.region_region (
    id bigint NOT NULL,
    region_name character varying(255) NOT NULL
);


ALTER TABLE public.region_region OWNER TO postgres;

--
-- Name: region_region_id_seq; Type: SEQUENCE; Schema: public; Owner: postgres
--

ALTER TABLE public.region_region ALTER COLUMN id ADD GENERATED BY DEFAULT AS IDENTITY (
    SEQUENCE NAME public.region_region_id_seq
    START WITH 1
    INCREMENT BY 1
    NO MINVALUE
    NO MAXVALUE
    CACHE 1
);


--
-- Name: risk_category_riskcategory; Type: TABLE; Schema: public; Owner: postgres
--

CREATE TABLE public.risk_category_riskcategory (
    id bigint NOT NULL,
    short_name character varying(255) NOT NULL,
    long_name character varying(255) NOT NULL
);


ALTER TABLE public.risk_category_riskcategory OWNER TO postgres;

--
-- Name: risk_category_riskcategory_id_seq; Type: SEQUENCE; Schema: public; Owner: postgres
--

ALTER TABLE public.risk_category_riskcategory ALTER COLUMN id ADD GENERATED BY DEFAULT AS IDENTITY (
    SEQUENCE NAME public.risk_category_riskcategory_id_seq
    START WITH 1
    INCREMENT BY 1
    NO MINVALUE
    NO MAXVALUE
    CACHE 1
);


--
-- Name: risk_information; Type: TABLE; Schema: public; Owner: postgres
--

CREATE TABLE public.risk_information (
    id bigint NOT NULL,
    upload character varying(100) NOT NULL,
    geometry jsonb,
    risk_category_id bigint,
    created_at timestamp with time zone NOT NULL,
    geometry_computed boolean NOT NULL,
    country_id bigint,
    event_type_id bigint,
    title character varying(255),
    model_run_id bigint
);


ALTER TABLE public.risk_information OWNER TO postgres;

--
-- Name: risk_information_id_seq; Type: SEQUENCE; Schema: public; Owner: postgres
--

ALTER TABLE public.risk_information ALTER COLUMN id ADD GENERATED BY DEFAULT AS IDENTITY (
    SEQUENCE NAME public.risk_information_id_seq
    START WITH 1
    INCREMENT BY 1
    NO MINVALUE
    NO MAXVALUE
    CACHE 1
);


--
-- Name: risk_type_risktype; Type: TABLE; Schema: public; Owner: postgres
--

CREATE TABLE public.risk_type_risktype (
    id bigint NOT NULL,
    short_name character varying(255) NOT NULL,
    long_name character varying(255) NOT NULL
);


ALTER TABLE public.risk_type_risktype OWNER TO postgres;

--
-- Name: risk_type_risktype_id_seq; Type: SEQUENCE; Schema: public; Owner: postgres
--

ALTER TABLE public.risk_type_risktype ALTER COLUMN id ADD GENERATED BY DEFAULT AS IDENTITY (
    SEQUENCE NAME public.risk_type_risktype_id_seq
    START WITH 1
    INCREMENT BY 1
    NO MINVALUE
    NO MAXVALUE
    CACHE 1
);


--
-- Data for Name: auth_group; Type: TABLE DATA; Schema: public; Owner: postgres
--

COPY public.auth_group (id, name) FROM stdin;
\.


--
-- Data for Name: auth_group_permissions; Type: TABLE DATA; Schema: public; Owner: postgres
--

COPY public.auth_group_permissions (id, group_id, permission_id) FROM stdin;
\.


--
-- Data for Name: auth_permission; Type: TABLE DATA; Schema: public; Owner: postgres
--

COPY public.auth_permission (id, name, content_type_id, codename) FROM stdin;
1	Can add log entry	1	add_logentry
2	Can change log entry	1	change_logentry
3	Can delete log entry	1	delete_logentry
4	Can view log entry	1	view_logentry
5	Can add permission	3	add_permission
6	Can change permission	3	change_permission
7	Can delete permission	3	delete_permission
8	Can view permission	3	view_permission
9	Can add group	2	add_group
10	Can change group	2	change_group
11	Can delete group	2	delete_group
12	Can view group	2	view_group
13	Can add user	4	add_user
14	Can change user	4	change_user
15	Can delete user	4	delete_user
16	Can view user	4	view_user
17	Can add content type	5	add_contenttype
18	Can change content type	5	change_contenttype
19	Can delete content type	5	delete_contenttype
20	Can view content type	5	view_contenttype
21	Can add session	6	add_session
22	Can change session	6	change_session
23	Can delete session	6	delete_session
24	Can view session	6	view_session
25	Can add Token	7	add_token
26	Can change Token	7	change_token
27	Can delete Token	7	delete_token
28	Can view Token	7	view_token
29	Can add Token	8	add_tokenproxy
30	Can change Token	8	change_tokenproxy
31	Can delete Token	8	delete_tokenproxy
32	Can view Token	8	view_tokenproxy
33	Can add country	9	add_country
34	Can change country	9	change_country
35	Can delete country	9	delete_country
36	Can view country	9	view_country
37	Can add cyclone track	10	add_cyclonetrack
38	Can change cyclone track	10	change_cyclonetrack
39	Can delete cyclone track	10	delete_cyclonetrack
40	Can view cyclone track	10	view_cyclonetrack
41	Can add island	11	add_island
42	Can change island	11	change_island
43	Can delete island	11	delete_island
44	Can view island	11	view_island
45	Can add hazard type	12	add_hazardtype
46	Can change hazard type	12	change_hazardtype
47	Can delete hazard type	12	delete_hazardtype
48	Can view hazard type	12	view_hazardtype
49	Can add hazard information	13	add_hazardinformation
50	Can change hazard information	13	change_hazardinformation
51	Can delete hazard information	13	delete_hazardinformation
52	Can view hazard information	13	view_hazardinformation
53	Can add region	14	add_region
54	Can change region	14	change_region
55	Can delete region	14	delete_region
56	Can view region	14	view_region
57	Can add risk category	15	add_riskcategory
58	Can change risk category	15	change_riskcategory
59	Can delete risk category	15	delete_riskcategory
60	Can view risk category	15	view_riskcategory
61	Can add risk information	16	add_riskinformation
62	Can change risk information	16	change_riskinformation
63	Can delete risk information	16	delete_riskinformation
64	Can view risk information	16	view_riskinformation
65	Can add event type	17	add_eventtype
66	Can change event type	17	change_eventtype
67	Can delete event type	17	delete_eventtype
68	Can view event type	17	view_eventtype
69	Can add citizen science	18	add_citizenscience
70	Can change citizen science	18	change_citizenscience
71	Can delete citizen science	18	delete_citizenscience
72	Can view citizen science	18	view_citizenscience
73	Can add citizen science media	19	add_citizensciencemedia
74	Can change citizen science media	19	change_citizensciencemedia
75	Can delete citizen science media	19	delete_citizensciencemedia
76	Can view citizen science media	19	view_citizensciencemedia
77	Can add event	20	add_event
78	Can change event	20	change_event
79	Can delete event	20	delete_event
80	Can view event	20	view_event
81	Can add mail recipient	22	add_mailrecipient
82	Can change mail recipient	22	change_mailrecipient
83	Can delete mail recipient	22	delete_mailrecipient
84	Can view mail recipient	22	view_mailrecipient
85	Can add mail configuration	21	add_mailconfiguration
86	Can change mail configuration	21	change_mailconfiguration
87	Can delete mail configuration	21	delete_mailconfiguration
88	Can view mail configuration	21	view_mailconfiguration
89	Can add model domain	24	add_modeldomain
90	Can change model domain	24	change_modeldomain
91	Can delete model domain	24	delete_modeldomain
92	Can view model domain	24	view_modeldomain
93	Can add model priority	26	add_modelpriority
94	Can change model priority	26	change_modelpriority
95	Can delete model priority	26	delete_modelpriority
96	Can view model priority	26	view_modelpriority
97	Can add Model status	28	add_modelstatus
98	Can change Model status	28	change_modelstatus
99	Can delete Model status	28	delete_modelstatus
100	Can view Model status	28	view_modelstatus
101	Can add model	23	add_model
102	Can change model	23	change_model
103	Can delete model	23	delete_model
104	Can view model	23	view_model
105	Can add model run	27	add_modelrun
106	Can change model run	27	change_modelrun
107	Can delete model run	27	delete_modelrun
108	Can view model run	27	view_modelrun
109	Can add Model log	25	add_modellogs
110	Can change Model log	25	change_modellogs
111	Can delete Model log	25	delete_modellogs
112	Can view Model log	25	view_modellogs
113	Can add cyclone track type	29	add_cyclonetracktype
114	Can change cyclone track type	29	change_cyclonetracktype
115	Can delete cyclone track type	29	delete_cyclonetracktype
116	Can view cyclone track type	29	view_cyclonetracktype
\.


--
-- Data for Name: auth_user; Type: TABLE DATA; Schema: public; Owner: postgres
--

COPY public.auth_user (id, password, last_login, is_superuser, username, first_name, last_name, email, is_staff, is_active, date_joined) FROM stdin;
1	pbkdf2_sha256$1200000$7tUOvXAUvsNUdm8qnujMdB$7gI06ao9RlWWiTD/288Sjnjlx7y98a0pkRqeGQ/zofI=	2026-04-28 13:35:06.872102+12	t	admin			divesha@spc.int	t	t	2026-04-17 12:57:23.068092+12
\.


--
-- Data for Name: auth_user_groups; Type: TABLE DATA; Schema: public; Owner: postgres
--

COPY public.auth_user_groups (id, user_id, group_id) FROM stdin;
\.


--
-- Data for Name: auth_user_user_permissions; Type: TABLE DATA; Schema: public; Owner: postgres
--

COPY public.auth_user_user_permissions (id, user_id, permission_id) FROM stdin;
\.


--
-- Data for Name: authtoken_token; Type: TABLE DATA; Schema: public; Owner: postgres
--

COPY public.authtoken_token (key, created, user_id) FROM stdin;
\.


--
-- Data for Name: citizen_science_citizenscience; Type: TABLE DATA; Schema: public; Owner: postgres
--

COPY public.citizen_science_citizenscience (id, title, description, captured_by, lat, lon, country_id, island_id, region_id) FROM stdin;
\.


--
-- Data for Name: citizen_science_citizensciencemedia; Type: TABLE DATA; Schema: public; Owner: postgres
--

COPY public.citizen_science_citizensciencemedia (id, file, citizen_science_id) FROM stdin;
\.


--
-- Data for Name: country_country; Type: TABLE DATA; Schema: public; Owner: postgres
--

COPY public.country_country (id, short_name, long_name, west_bound_longitude, east_bound_longitude, south_bound_latitude, north_bound_latitude, crs) FROM stdin;
\.


--
-- Data for Name: country_country_regions; Type: TABLE DATA; Schema: public; Owner: postgres
--

COPY public.country_country_regions (id, country_id, region_id) FROM stdin;
\.


--
-- Data for Name: cyclone_track_cyclonetrack; Type: TABLE DATA; Schema: public; Owner: postgres
--

COPY public.cyclone_track_cyclonetrack (id, cyclone_name, issued_time, issued_agency, track_file, geometry, geometry_computed, country_id, notify, mail_configuration_id, cyclone_track_type_id) FROM stdin;
\.


--
-- Data for Name: cyclone_track_type; Type: TABLE DATA; Schema: public; Owner: postgres
--

COPY public.cyclone_track_type (id, name) FROM stdin;
\.


--
-- Data for Name: django_admin_log; Type: TABLE DATA; Schema: public; Owner: postgres
--

COPY public.django_admin_log (id, action_time, object_id, object_repr, action_flag, change_message, content_type_id, user_id) FROM stdin;
\.


--
-- Data for Name: django_content_type; Type: TABLE DATA; Schema: public; Owner: postgres
--

COPY public.django_content_type (id, app_label, model) FROM stdin;
1	admin	logentry
2	auth	group
3	auth	permission
4	auth	user
5	contenttypes	contenttype
6	sessions	session
7	authtoken	token
8	authtoken	tokenproxy
9	country	country
10	cyclone_track	cyclonetrack
11	island	island
12	event_type	hazardtype
13	hazard_information	hazardinformation
14	region	region
15	risk_category	riskcategory
16	risk_information	riskinformation
17	event_type_v2	eventtype
18	citizen_science	citizenscience
19	citizen_science	citizensciencemedia
20	event	event
21	mailer	mailconfiguration
22	mailer	mailrecipient
23	model	model
24	model	modeldomain
25	model	modellogs
26	model	modelpriority
27	model	modelrun
28	model	modelstatus
29	cyclone_track_type	cyclonetracktype
\.


--
-- Data for Name: django_migrations; Type: TABLE DATA; Schema: public; Owner: postgres
--

COPY public.django_migrations (id, app, name, applied) FROM stdin;
1	contenttypes	0001_initial	2026-02-27 09:29:52.441424+12
2	auth	0001_initial	2026-02-27 09:29:52.579102+12
3	admin	0001_initial	2026-02-27 09:29:52.604675+12
4	admin	0002_logentry_remove_auto_add	2026-02-27 09:29:52.608882+12
5	admin	0003_logentry_add_action_flag_choices	2026-02-27 09:29:52.613826+12
6	contenttypes	0002_remove_content_type_name	2026-02-27 09:29:52.62615+12
7	auth	0002_alter_permission_name_max_length	2026-02-27 09:29:52.632026+12
8	auth	0003_alter_user_email_max_length	2026-02-27 09:29:52.638441+12
9	auth	0004_alter_user_username_opts	2026-02-27 09:29:52.642172+12
10	auth	0005_alter_user_last_login_null	2026-02-27 09:29:52.646943+12
11	auth	0006_require_contenttypes_0002	2026-02-27 09:29:52.647881+12
12	auth	0007_alter_validators_add_error_messages	2026-02-27 09:29:52.65172+12
13	auth	0008_alter_user_username_max_length	2026-02-27 09:29:52.660893+12
14	auth	0009_alter_user_last_name_max_length	2026-02-27 09:29:52.66569+12
15	auth	0010_alter_group_name_max_length	2026-02-27 09:29:52.674974+12
16	auth	0011_update_proxy_permissions	2026-02-27 09:29:52.679856+12
17	auth	0012_alter_user_first_name_max_length	2026-02-27 09:29:52.688023+12
18	authtoken	0001_initial	2026-02-27 09:29:52.708373+12
19	authtoken	0002_auto_20160226_1747	2026-02-27 09:29:52.718247+12
20	authtoken	0003_tokenproxy	2026-02-27 09:29:52.720519+12
21	authtoken	0004_alter_tokenproxy_options	2026-02-27 09:29:52.723614+12
22	sessions	0001_initial	2026-02-27 09:29:52.731541+12
23	country	0001_initial	2026-02-27 09:51:26.211642+12
24	cyclone_track	0001_initial	2026-02-27 10:06:06.390708+12
25	island	0001_initial	2026-02-27 11:15:39.947981+12
26	project	0001_initial	2026-02-27 11:18:57.84163+12
27	island	0002_island_country	2026-02-27 11:25:11.9977+12
28	risk_type	0001_initial	2026-02-27 12:07:50.809808+12
29	risk_category	0001_initial	2026-02-27 12:27:28.915311+12
30	event_type	0001_initial	2026-03-05 15:49:39.086874+12
31	event_type	0002_alter_eventtype_id	2026-03-05 15:49:39.184653+12
32	risk_information	0001_initial	2026-03-05 16:00:05.689233+12
33	risk_information	0002_alter_riskinformation_upload	2026-03-05 16:00:05.691904+12
34	risk_information	0003_riskinformation_created_at	2026-03-05 16:15:58.226197+12
35	risk_information	0004_riskinformation_geometry_computed	2026-03-05 16:15:58.23805+12
36	cyclone_track	0002_cyclonetrack_geometry_computed	2026-03-05 16:32:48.497812+12
37	event_type	0003_rename_eventtype_to_hazardtype	2026-03-05 16:36:40.532041+12
38	hazard_information	0001_initial	2026-03-06 10:46:14.482708+12
39	hazard_information	0002_alter_hazardinformation_style	2026-03-06 10:50:03.174367+12
40	hazard_information	0003_hazardinformation_hazard_type	2026-03-06 10:54:11.226831+12
41	cyclone_track	0003_cyclonetrack_country	2026-03-06 10:56:28.456831+12
42	risk_information	0005_riskinformation_country	2026-03-06 10:58:37.625524+12
43	hazard_information	0004_hazardinformation_created_at	2026-03-06 11:03:05.589916+12
44	region	0001_initial	2026-03-06 11:13:48.169341+12
45	country	0002_country_regions	2026-03-06 11:13:48.230882+12
46	event_type_v2	0001_initial	2026-03-06 11:23:19.304264+12
47	hazard_information	0005_hazardinformation_event_type	2026-03-06 11:29:56.157018+12
48	risk_information	0006_riskinformation_event_type	2026-03-06 11:29:56.165965+12
49	citizen_science	0001_initial	2026-03-06 13:33:24.411856+12
50	event	0001_initial	2026-03-06 14:04:55.248644+12
51	hazard_information	0006_hazardinformation_title	2026-03-09 14:40:53.003757+12
52	risk_information	0007_riskinformation_title	2026-03-09 14:40:53.015387+12
53	mailer	0001_initial	2026-03-23 11:46:01.76783+12
54	mailer	0002_alter_mailconfiguration_client_secret_value	2026-03-23 11:46:01.773067+12
55	cyclone_track	0004_cyclonetrack_notify_mail_configuration	2026-03-23 11:58:55.780024+12
56	model	0001_initial	2026-03-23 13:50:50.044457+12
57	model	0002_alter_modellogs_options_alter_modelstatus_options	2026-03-23 13:53:36.278409+12
58	model	0002_move_status_to_logs	2026-03-23 15:12:20.269363+12
59	model	0003_merge_20260323_0312	2026-03-23 15:12:20.270298+12
60	model	0003_modelrun_models_m2m	2026-03-23 15:16:32.38643+12
61	model	0004_merge_20260323_0316	2026-03-23 15:16:32.387699+12
62	risk_information	0008_riskinformation_model_run	2026-03-23 15:20:30.034015+12
63	hazard_information	0007_hazardinformation_model_run	2026-03-23 15:21:48.650347+12
64	event	0002_alter_event_cyclone_track	2026-03-23 15:28:36.590811+12
65	event	0003_event_model_run	2026-03-23 15:29:59.021249+12
66	model	0005_alter_modelrun_options	2026-03-23 15:32:44.474907+12
67	island	0003_island_region	2026-03-23 15:48:33.471007+12
68	model	0006_modelrun_model_run_completed	2026-03-27 12:50:21.112047+12
69	cyclone_track_type	0001_initial	2026-04-28 14:07:18.921599+12
70	cyclone_track	0005_cyclonetrack_cyclone_track_type	2026-04-28 14:08:54.84511+12
\.


--
-- Data for Name: django_session; Type: TABLE DATA; Schema: public; Owner: postgres
--

COPY public.django_session (session_key, session_data, expire_date) FROM stdin;
fhya5tzd4yxfa3g1m33di3cvf50nf8y8	.eJxVjMEOwiAQRP-FsyFFMCwevfsNZJdlpWogKe2p8d9tkx70OPPezKoiLnOJS89THFldlVGn344wvXLdAT-xPppOrc7TSHpX9EG7vjfO79vh_h0U7GVbYxZ7NuINWgghoBeGwYogORPSxQVGQQYakmyJ0AF5ZgFvUgASqz5fCfQ5Nw:1wHXLu:ygq5rYvgXgwPFpbH0ZGdu_mMUYXW7CFpE_LTLbj0qHs	2026-05-12 13:35:06.890328+12
\.


--
-- Data for Name: event; Type: TABLE DATA; Schema: public; Owner: postgres
--

COPY public.event (id, country_id, cyclone_track_id, event_type_id, model_run_id) FROM stdin;
\.


--
-- Data for Name: event_citizen_sciences; Type: TABLE DATA; Schema: public; Owner: postgres
--

COPY public.event_citizen_sciences (id, event_id, citizenscience_id) FROM stdin;
\.


--
-- Data for Name: event_hazards; Type: TABLE DATA; Schema: public; Owner: postgres
--

COPY public.event_hazards (id, event_id, hazardinformation_id) FROM stdin;
\.


--
-- Data for Name: event_risks; Type: TABLE DATA; Schema: public; Owner: postgres
--

COPY public.event_risks (id, event_id, riskinformation_id) FROM stdin;
\.


--
-- Data for Name: event_type; Type: TABLE DATA; Schema: public; Owner: postgres
--

COPY public.event_type (id, event_name) FROM stdin;
\.


--
-- Data for Name: event_type_hazardtype; Type: TABLE DATA; Schema: public; Owner: postgres
--

COPY public.event_type_hazardtype (id, hazard_type) FROM stdin;
\.


--
-- Data for Name: hazard_information; Type: TABLE DATA; Schema: public; Owner: postgres
--

COPY public.hazard_information (id, protocol, url, min, max, layer_name, style, country_id, hazard_type_id, created_at, event_type_id, title, model_run_id) FROM stdin;
\.


--
-- Data for Name: island_island; Type: TABLE DATA; Schema: public; Owner: postgres
--

COPY public.island_island (id, island_name, country_id, region_id) FROM stdin;
\.


--
-- Data for Name: mailer_mailconfiguration; Type: TABLE DATA; Schema: public; Owner: postgres
--

COPY public.mailer_mailconfiguration (id, name, is_active, client_id, authority_url, client_secret_value, email_sender, email_sender_name, subject, body, created_at, updated_at) FROM stdin;
\.


--
-- Data for Name: mailer_mailconfiguration_recipients; Type: TABLE DATA; Schema: public; Owner: postgres
--

COPY public.mailer_mailconfiguration_recipients (id, mailconfiguration_id, mailrecipient_id) FROM stdin;
\.


--
-- Data for Name: mailer_mailrecipient; Type: TABLE DATA; Schema: public; Owner: postgres
--

COPY public.mailer_mailrecipient (id, name, email, is_active, created_at) FROM stdin;
\.


--
-- Data for Name: model; Type: TABLE DATA; Schema: public; Owner: postgres
--

COPY public.model (id, name, location, server_name, inputs, dry_run_command) FROM stdin;
\.


--
-- Data for Name: model_domain; Type: TABLE DATA; Schema: public; Owner: postgres
--

COPY public.model_domain (id, name) FROM stdin;
\.


--
-- Data for Name: model_logs; Type: TABLE DATA; Schema: public; Owner: postgres
--

COPY public.model_logs (id, logs, model_run_id, status_id) FROM stdin;
\.


--
-- Data for Name: model_priority; Type: TABLE DATA; Schema: public; Owner: postgres
--

COPY public.model_priority (id, name) FROM stdin;
\.


--
-- Data for Name: model_run; Type: TABLE DATA; Schema: public; Owner: postgres
--

COPY public.model_run (id, name, model_domain_id, priority_id, tc_track_id, model_run_completed) FROM stdin;
\.


--
-- Data for Name: model_run_models; Type: TABLE DATA; Schema: public; Owner: postgres
--

COPY public.model_run_models (id, modelrun_id, model_id) FROM stdin;
\.


--
-- Data for Name: model_status; Type: TABLE DATA; Schema: public; Owner: postgres
--

COPY public.model_status (id, name) FROM stdin;
\.


--
-- Data for Name: project_project; Type: TABLE DATA; Schema: public; Owner: postgres
--

COPY public.project_project (id, project_code, project_name) FROM stdin;
\.


--
-- Data for Name: region_region; Type: TABLE DATA; Schema: public; Owner: postgres
--

COPY public.region_region (id, region_name) FROM stdin;
\.


--
-- Data for Name: risk_category_riskcategory; Type: TABLE DATA; Schema: public; Owner: postgres
--

COPY public.risk_category_riskcategory (id, short_name, long_name) FROM stdin;
\.


--
-- Data for Name: risk_information; Type: TABLE DATA; Schema: public; Owner: postgres
--

COPY public.risk_information (id, upload, geometry, risk_category_id, created_at, geometry_computed, country_id, event_type_id, title, model_run_id) FROM stdin;
\.


--
-- Data for Name: risk_type_risktype; Type: TABLE DATA; Schema: public; Owner: postgres
--

COPY public.risk_type_risktype (id, short_name, long_name) FROM stdin;
\.


--
-- Name: auth_group_id_seq; Type: SEQUENCE SET; Schema: public; Owner: postgres
--

SELECT pg_catalog.setval('public.auth_group_id_seq', 1, false);


--
-- Name: auth_group_permissions_id_seq; Type: SEQUENCE SET; Schema: public; Owner: postgres
--

SELECT pg_catalog.setval('public.auth_group_permissions_id_seq', 1, false);


--
-- Name: auth_permission_id_seq; Type: SEQUENCE SET; Schema: public; Owner: postgres
--

SELECT pg_catalog.setval('public.auth_permission_id_seq', 116, true);


--
-- Name: auth_user_groups_id_seq; Type: SEQUENCE SET; Schema: public; Owner: postgres
--

SELECT pg_catalog.setval('public.auth_user_groups_id_seq', 1, false);


--
-- Name: auth_user_id_seq; Type: SEQUENCE SET; Schema: public; Owner: postgres
--

SELECT pg_catalog.setval('public.auth_user_id_seq', 1, true);


--
-- Name: auth_user_user_permissions_id_seq; Type: SEQUENCE SET; Schema: public; Owner: postgres
--

SELECT pg_catalog.setval('public.auth_user_user_permissions_id_seq', 1, false);


--
-- Name: citizen_science_citizenscience_id_seq; Type: SEQUENCE SET; Schema: public; Owner: postgres
--

SELECT pg_catalog.setval('public.citizen_science_citizenscience_id_seq', 1, false);


--
-- Name: citizen_science_citizensciencemedia_id_seq; Type: SEQUENCE SET; Schema: public; Owner: postgres
--

SELECT pg_catalog.setval('public.citizen_science_citizensciencemedia_id_seq', 1, false);


--
-- Name: country_country_id_seq; Type: SEQUENCE SET; Schema: public; Owner: postgres
--

SELECT pg_catalog.setval('public.country_country_id_seq', 1, false);


--
-- Name: country_country_regions_id_seq; Type: SEQUENCE SET; Schema: public; Owner: postgres
--

SELECT pg_catalog.setval('public.country_country_regions_id_seq', 1, false);


--
-- Name: cyclone_track_cyclonetrack_id_seq; Type: SEQUENCE SET; Schema: public; Owner: postgres
--

SELECT pg_catalog.setval('public.cyclone_track_cyclonetrack_id_seq', 1, false);


--
-- Name: cyclone_track_type_id_seq; Type: SEQUENCE SET; Schema: public; Owner: postgres
--

SELECT pg_catalog.setval('public.cyclone_track_type_id_seq', 1, false);


--
-- Name: django_admin_log_id_seq; Type: SEQUENCE SET; Schema: public; Owner: postgres
--

SELECT pg_catalog.setval('public.django_admin_log_id_seq', 1, false);


--
-- Name: django_content_type_id_seq; Type: SEQUENCE SET; Schema: public; Owner: postgres
--

SELECT pg_catalog.setval('public.django_content_type_id_seq', 29, true);


--
-- Name: django_migrations_id_seq; Type: SEQUENCE SET; Schema: public; Owner: postgres
--

SELECT pg_catalog.setval('public.django_migrations_id_seq', 70, true);


--
-- Name: event_citizen_sciences_id_seq; Type: SEQUENCE SET; Schema: public; Owner: postgres
--

SELECT pg_catalog.setval('public.event_citizen_sciences_id_seq', 1, false);


--
-- Name: event_hazards_id_seq; Type: SEQUENCE SET; Schema: public; Owner: postgres
--

SELECT pg_catalog.setval('public.event_hazards_id_seq', 1, false);


--
-- Name: event_id_seq; Type: SEQUENCE SET; Schema: public; Owner: postgres
--

SELECT pg_catalog.setval('public.event_id_seq', 1, false);


--
-- Name: event_risks_id_seq; Type: SEQUENCE SET; Schema: public; Owner: postgres
--

SELECT pg_catalog.setval('public.event_risks_id_seq', 1, false);


--
-- Name: event_type_eventtype_id_seq; Type: SEQUENCE SET; Schema: public; Owner: postgres
--

SELECT pg_catalog.setval('public.event_type_eventtype_id_seq', 1, false);


--
-- Name: event_type_id_seq; Type: SEQUENCE SET; Schema: public; Owner: postgres
--

SELECT pg_catalog.setval('public.event_type_id_seq', 1, false);


--
-- Name: hazard_information_id_seq; Type: SEQUENCE SET; Schema: public; Owner: postgres
--

SELECT pg_catalog.setval('public.hazard_information_id_seq', 1, false);


--
-- Name: island_island_id_seq; Type: SEQUENCE SET; Schema: public; Owner: postgres
--

SELECT pg_catalog.setval('public.island_island_id_seq', 1, false);


--
-- Name: mailer_mailconfiguration_id_seq; Type: SEQUENCE SET; Schema: public; Owner: postgres
--

SELECT pg_catalog.setval('public.mailer_mailconfiguration_id_seq', 1, false);


--
-- Name: mailer_mailconfiguration_recipients_id_seq; Type: SEQUENCE SET; Schema: public; Owner: postgres
--

SELECT pg_catalog.setval('public.mailer_mailconfiguration_recipients_id_seq', 1, false);


--
-- Name: mailer_mailrecipient_id_seq; Type: SEQUENCE SET; Schema: public; Owner: postgres
--

SELECT pg_catalog.setval('public.mailer_mailrecipient_id_seq', 1, false);


--
-- Name: model_domain_id_seq; Type: SEQUENCE SET; Schema: public; Owner: postgres
--

SELECT pg_catalog.setval('public.model_domain_id_seq', 1, false);


--
-- Name: model_id_seq; Type: SEQUENCE SET; Schema: public; Owner: postgres
--

SELECT pg_catalog.setval('public.model_id_seq', 1, false);


--
-- Name: model_logs_id_seq; Type: SEQUENCE SET; Schema: public; Owner: postgres
--

SELECT pg_catalog.setval('public.model_logs_id_seq', 1, false);


--
-- Name: model_priority_id_seq; Type: SEQUENCE SET; Schema: public; Owner: postgres
--

SELECT pg_catalog.setval('public.model_priority_id_seq', 1, false);


--
-- Name: model_run_id_seq; Type: SEQUENCE SET; Schema: public; Owner: postgres
--

SELECT pg_catalog.setval('public.model_run_id_seq', 1, false);


--
-- Name: model_run_models_id_seq; Type: SEQUENCE SET; Schema: public; Owner: postgres
--

SELECT pg_catalog.setval('public.model_run_models_id_seq', 1, false);


--
-- Name: model_status_id_seq; Type: SEQUENCE SET; Schema: public; Owner: postgres
--

SELECT pg_catalog.setval('public.model_status_id_seq', 1, false);


--
-- Name: project_project_id_seq; Type: SEQUENCE SET; Schema: public; Owner: postgres
--

SELECT pg_catalog.setval('public.project_project_id_seq', 1, false);


--
-- Name: region_region_id_seq; Type: SEQUENCE SET; Schema: public; Owner: postgres
--

SELECT pg_catalog.setval('public.region_region_id_seq', 1, false);


--
-- Name: risk_category_riskcategory_id_seq; Type: SEQUENCE SET; Schema: public; Owner: postgres
--

SELECT pg_catalog.setval('public.risk_category_riskcategory_id_seq', 1, false);


--
-- Name: risk_information_id_seq; Type: SEQUENCE SET; Schema: public; Owner: postgres
--

SELECT pg_catalog.setval('public.risk_information_id_seq', 1, false);


--
-- Name: risk_type_risktype_id_seq; Type: SEQUENCE SET; Schema: public; Owner: postgres
--

SELECT pg_catalog.setval('public.risk_type_risktype_id_seq', 1, false);


--
-- Name: auth_group auth_group_name_key; Type: CONSTRAINT; Schema: public; Owner: postgres
--

ALTER TABLE ONLY public.auth_group
    ADD CONSTRAINT auth_group_name_key UNIQUE (name);


--
-- Name: auth_group_permissions auth_group_permissions_group_id_permission_id_0cd325b0_uniq; Type: CONSTRAINT; Schema: public; Owner: postgres
--

ALTER TABLE ONLY public.auth_group_permissions
    ADD CONSTRAINT auth_group_permissions_group_id_permission_id_0cd325b0_uniq UNIQUE (group_id, permission_id);


--
-- Name: auth_group_permissions auth_group_permissions_pkey; Type: CONSTRAINT; Schema: public; Owner: postgres
--

ALTER TABLE ONLY public.auth_group_permissions
    ADD CONSTRAINT auth_group_permissions_pkey PRIMARY KEY (id);


--
-- Name: auth_group auth_group_pkey; Type: CONSTRAINT; Schema: public; Owner: postgres
--

ALTER TABLE ONLY public.auth_group
    ADD CONSTRAINT auth_group_pkey PRIMARY KEY (id);


--
-- Name: auth_permission auth_permission_content_type_id_codename_01ab375a_uniq; Type: CONSTRAINT; Schema: public; Owner: postgres
--

ALTER TABLE ONLY public.auth_permission
    ADD CONSTRAINT auth_permission_content_type_id_codename_01ab375a_uniq UNIQUE (content_type_id, codename);


--
-- Name: auth_permission auth_permission_pkey; Type: CONSTRAINT; Schema: public; Owner: postgres
--

ALTER TABLE ONLY public.auth_permission
    ADD CONSTRAINT auth_permission_pkey PRIMARY KEY (id);


--
-- Name: auth_user_groups auth_user_groups_pkey; Type: CONSTRAINT; Schema: public; Owner: postgres
--

ALTER TABLE ONLY public.auth_user_groups
    ADD CONSTRAINT auth_user_groups_pkey PRIMARY KEY (id);


--
-- Name: auth_user_groups auth_user_groups_user_id_group_id_94350c0c_uniq; Type: CONSTRAINT; Schema: public; Owner: postgres
--

ALTER TABLE ONLY public.auth_user_groups
    ADD CONSTRAINT auth_user_groups_user_id_group_id_94350c0c_uniq UNIQUE (user_id, group_id);


--
-- Name: auth_user auth_user_pkey; Type: CONSTRAINT; Schema: public; Owner: postgres
--

ALTER TABLE ONLY public.auth_user
    ADD CONSTRAINT auth_user_pkey PRIMARY KEY (id);


--
-- Name: auth_user_user_permissions auth_user_user_permissions_pkey; Type: CONSTRAINT; Schema: public; Owner: postgres
--

ALTER TABLE ONLY public.auth_user_user_permissions
    ADD CONSTRAINT auth_user_user_permissions_pkey PRIMARY KEY (id);


--
-- Name: auth_user_user_permissions auth_user_user_permissions_user_id_permission_id_14a6b632_uniq; Type: CONSTRAINT; Schema: public; Owner: postgres
--

ALTER TABLE ONLY public.auth_user_user_permissions
    ADD CONSTRAINT auth_user_user_permissions_user_id_permission_id_14a6b632_uniq UNIQUE (user_id, permission_id);


--
-- Name: auth_user auth_user_username_key; Type: CONSTRAINT; Schema: public; Owner: postgres
--

ALTER TABLE ONLY public.auth_user
    ADD CONSTRAINT auth_user_username_key UNIQUE (username);


--
-- Name: authtoken_token authtoken_token_pkey; Type: CONSTRAINT; Schema: public; Owner: postgres
--

ALTER TABLE ONLY public.authtoken_token
    ADD CONSTRAINT authtoken_token_pkey PRIMARY KEY (key);


--
-- Name: authtoken_token authtoken_token_user_id_key; Type: CONSTRAINT; Schema: public; Owner: postgres
--

ALTER TABLE ONLY public.authtoken_token
    ADD CONSTRAINT authtoken_token_user_id_key UNIQUE (user_id);


--
-- Name: citizen_science_citizenscience citizen_science_citizenscience_pkey; Type: CONSTRAINT; Schema: public; Owner: postgres
--

ALTER TABLE ONLY public.citizen_science_citizenscience
    ADD CONSTRAINT citizen_science_citizenscience_pkey PRIMARY KEY (id);


--
-- Name: citizen_science_citizensciencemedia citizen_science_citizensciencemedia_pkey; Type: CONSTRAINT; Schema: public; Owner: postgres
--

ALTER TABLE ONLY public.citizen_science_citizensciencemedia
    ADD CONSTRAINT citizen_science_citizensciencemedia_pkey PRIMARY KEY (id);


--
-- Name: country_country country_country_pkey; Type: CONSTRAINT; Schema: public; Owner: postgres
--

ALTER TABLE ONLY public.country_country
    ADD CONSTRAINT country_country_pkey PRIMARY KEY (id);


--
-- Name: country_country_regions country_country_regions_country_id_region_id_79aca18c_uniq; Type: CONSTRAINT; Schema: public; Owner: postgres
--

ALTER TABLE ONLY public.country_country_regions
    ADD CONSTRAINT country_country_regions_country_id_region_id_79aca18c_uniq UNIQUE (country_id, region_id);


--
-- Name: country_country_regions country_country_regions_pkey; Type: CONSTRAINT; Schema: public; Owner: postgres
--

ALTER TABLE ONLY public.country_country_regions
    ADD CONSTRAINT country_country_regions_pkey PRIMARY KEY (id);


--
-- Name: cyclone_track_cyclonetrack cyclone_track_cyclonetrack_pkey; Type: CONSTRAINT; Schema: public; Owner: postgres
--

ALTER TABLE ONLY public.cyclone_track_cyclonetrack
    ADD CONSTRAINT cyclone_track_cyclonetrack_pkey PRIMARY KEY (id);


--
-- Name: cyclone_track_type cyclone_track_type_pkey; Type: CONSTRAINT; Schema: public; Owner: postgres
--

ALTER TABLE ONLY public.cyclone_track_type
    ADD CONSTRAINT cyclone_track_type_pkey PRIMARY KEY (id);


--
-- Name: django_admin_log django_admin_log_pkey; Type: CONSTRAINT; Schema: public; Owner: postgres
--

ALTER TABLE ONLY public.django_admin_log
    ADD CONSTRAINT django_admin_log_pkey PRIMARY KEY (id);


--
-- Name: django_content_type django_content_type_app_label_model_76bd3d3b_uniq; Type: CONSTRAINT; Schema: public; Owner: postgres
--

ALTER TABLE ONLY public.django_content_type
    ADD CONSTRAINT django_content_type_app_label_model_76bd3d3b_uniq UNIQUE (app_label, model);


--
-- Name: django_content_type django_content_type_pkey; Type: CONSTRAINT; Schema: public; Owner: postgres
--

ALTER TABLE ONLY public.django_content_type
    ADD CONSTRAINT django_content_type_pkey PRIMARY KEY (id);


--
-- Name: django_migrations django_migrations_pkey; Type: CONSTRAINT; Schema: public; Owner: postgres
--

ALTER TABLE ONLY public.django_migrations
    ADD CONSTRAINT django_migrations_pkey PRIMARY KEY (id);


--
-- Name: django_session django_session_pkey; Type: CONSTRAINT; Schema: public; Owner: postgres
--

ALTER TABLE ONLY public.django_session
    ADD CONSTRAINT django_session_pkey PRIMARY KEY (session_key);


--
-- Name: event_citizen_sciences event_citizen_sciences_event_id_citizenscience_id_2825ccd1_uniq; Type: CONSTRAINT; Schema: public; Owner: postgres
--

ALTER TABLE ONLY public.event_citizen_sciences
    ADD CONSTRAINT event_citizen_sciences_event_id_citizenscience_id_2825ccd1_uniq UNIQUE (event_id, citizenscience_id);


--
-- Name: event_citizen_sciences event_citizen_sciences_pkey; Type: CONSTRAINT; Schema: public; Owner: postgres
--

ALTER TABLE ONLY public.event_citizen_sciences
    ADD CONSTRAINT event_citizen_sciences_pkey PRIMARY KEY (id);


--
-- Name: event_hazards event_hazards_event_id_hazardinformation_id_d566a48b_uniq; Type: CONSTRAINT; Schema: public; Owner: postgres
--

ALTER TABLE ONLY public.event_hazards
    ADD CONSTRAINT event_hazards_event_id_hazardinformation_id_d566a48b_uniq UNIQUE (event_id, hazardinformation_id);


--
-- Name: event_hazards event_hazards_pkey; Type: CONSTRAINT; Schema: public; Owner: postgres
--

ALTER TABLE ONLY public.event_hazards
    ADD CONSTRAINT event_hazards_pkey PRIMARY KEY (id);


--
-- Name: event event_pkey; Type: CONSTRAINT; Schema: public; Owner: postgres
--

ALTER TABLE ONLY public.event
    ADD CONSTRAINT event_pkey PRIMARY KEY (id);


--
-- Name: event_risks event_risks_event_id_riskinformation_id_0f5547b4_uniq; Type: CONSTRAINT; Schema: public; Owner: postgres
--

ALTER TABLE ONLY public.event_risks
    ADD CONSTRAINT event_risks_event_id_riskinformation_id_0f5547b4_uniq UNIQUE (event_id, riskinformation_id);


--
-- Name: event_risks event_risks_pkey; Type: CONSTRAINT; Schema: public; Owner: postgres
--

ALTER TABLE ONLY public.event_risks
    ADD CONSTRAINT event_risks_pkey PRIMARY KEY (id);


--
-- Name: event_type_hazardtype event_type_eventtype_pkey; Type: CONSTRAINT; Schema: public; Owner: postgres
--

ALTER TABLE ONLY public.event_type_hazardtype
    ADD CONSTRAINT event_type_eventtype_pkey PRIMARY KEY (id);


--
-- Name: event_type event_type_pkey; Type: CONSTRAINT; Schema: public; Owner: postgres
--

ALTER TABLE ONLY public.event_type
    ADD CONSTRAINT event_type_pkey PRIMARY KEY (id);


--
-- Name: hazard_information hazard_information_pkey; Type: CONSTRAINT; Schema: public; Owner: postgres
--

ALTER TABLE ONLY public.hazard_information
    ADD CONSTRAINT hazard_information_pkey PRIMARY KEY (id);


--
-- Name: island_island island_island_pkey; Type: CONSTRAINT; Schema: public; Owner: postgres
--

ALTER TABLE ONLY public.island_island
    ADD CONSTRAINT island_island_pkey PRIMARY KEY (id);


--
-- Name: mailer_mailconfiguration_recipients mailer_mailconfiguration_mailconfiguration_id_mai_707903db_uniq; Type: CONSTRAINT; Schema: public; Owner: postgres
--

ALTER TABLE ONLY public.mailer_mailconfiguration_recipients
    ADD CONSTRAINT mailer_mailconfiguration_mailconfiguration_id_mai_707903db_uniq UNIQUE (mailconfiguration_id, mailrecipient_id);


--
-- Name: mailer_mailconfiguration mailer_mailconfiguration_name_key; Type: CONSTRAINT; Schema: public; Owner: postgres
--

ALTER TABLE ONLY public.mailer_mailconfiguration
    ADD CONSTRAINT mailer_mailconfiguration_name_key UNIQUE (name);


--
-- Name: mailer_mailconfiguration mailer_mailconfiguration_pkey; Type: CONSTRAINT; Schema: public; Owner: postgres
--

ALTER TABLE ONLY public.mailer_mailconfiguration
    ADD CONSTRAINT mailer_mailconfiguration_pkey PRIMARY KEY (id);


--
-- Name: mailer_mailconfiguration_recipients mailer_mailconfiguration_recipients_pkey; Type: CONSTRAINT; Schema: public; Owner: postgres
--

ALTER TABLE ONLY public.mailer_mailconfiguration_recipients
    ADD CONSTRAINT mailer_mailconfiguration_recipients_pkey PRIMARY KEY (id);


--
-- Name: mailer_mailrecipient mailer_mailrecipient_email_key; Type: CONSTRAINT; Schema: public; Owner: postgres
--

ALTER TABLE ONLY public.mailer_mailrecipient
    ADD CONSTRAINT mailer_mailrecipient_email_key UNIQUE (email);


--
-- Name: mailer_mailrecipient mailer_mailrecipient_pkey; Type: CONSTRAINT; Schema: public; Owner: postgres
--

ALTER TABLE ONLY public.mailer_mailrecipient
    ADD CONSTRAINT mailer_mailrecipient_pkey PRIMARY KEY (id);


--
-- Name: model_domain model_domain_name_key; Type: CONSTRAINT; Schema: public; Owner: postgres
--

ALTER TABLE ONLY public.model_domain
    ADD CONSTRAINT model_domain_name_key UNIQUE (name);


--
-- Name: model_domain model_domain_pkey; Type: CONSTRAINT; Schema: public; Owner: postgres
--

ALTER TABLE ONLY public.model_domain
    ADD CONSTRAINT model_domain_pkey PRIMARY KEY (id);


--
-- Name: model_logs model_logs_pkey; Type: CONSTRAINT; Schema: public; Owner: postgres
--

ALTER TABLE ONLY public.model_logs
    ADD CONSTRAINT model_logs_pkey PRIMARY KEY (id);


--
-- Name: model model_pkey; Type: CONSTRAINT; Schema: public; Owner: postgres
--

ALTER TABLE ONLY public.model
    ADD CONSTRAINT model_pkey PRIMARY KEY (id);


--
-- Name: model_priority model_priority_name_key; Type: CONSTRAINT; Schema: public; Owner: postgres
--

ALTER TABLE ONLY public.model_priority
    ADD CONSTRAINT model_priority_name_key UNIQUE (name);


--
-- Name: model_priority model_priority_pkey; Type: CONSTRAINT; Schema: public; Owner: postgres
--

ALTER TABLE ONLY public.model_priority
    ADD CONSTRAINT model_priority_pkey PRIMARY KEY (id);


--
-- Name: model_run_models model_run_models_modelrun_id_model_id_5a27db14_uniq; Type: CONSTRAINT; Schema: public; Owner: postgres
--

ALTER TABLE ONLY public.model_run_models
    ADD CONSTRAINT model_run_models_modelrun_id_model_id_5a27db14_uniq UNIQUE (modelrun_id, model_id);


--
-- Name: model_run_models model_run_models_pkey; Type: CONSTRAINT; Schema: public; Owner: postgres
--

ALTER TABLE ONLY public.model_run_models
    ADD CONSTRAINT model_run_models_pkey PRIMARY KEY (id);


--
-- Name: model_run model_run_pkey; Type: CONSTRAINT; Schema: public; Owner: postgres
--

ALTER TABLE ONLY public.model_run
    ADD CONSTRAINT model_run_pkey PRIMARY KEY (id);


--
-- Name: model_status model_status_name_key; Type: CONSTRAINT; Schema: public; Owner: postgres
--

ALTER TABLE ONLY public.model_status
    ADD CONSTRAINT model_status_name_key UNIQUE (name);


--
-- Name: model_status model_status_pkey; Type: CONSTRAINT; Schema: public; Owner: postgres
--

ALTER TABLE ONLY public.model_status
    ADD CONSTRAINT model_status_pkey PRIMARY KEY (id);


--
-- Name: project_project project_project_pkey; Type: CONSTRAINT; Schema: public; Owner: postgres
--

ALTER TABLE ONLY public.project_project
    ADD CONSTRAINT project_project_pkey PRIMARY KEY (id);


--
-- Name: region_region region_region_pkey; Type: CONSTRAINT; Schema: public; Owner: postgres
--

ALTER TABLE ONLY public.region_region
    ADD CONSTRAINT region_region_pkey PRIMARY KEY (id);


--
-- Name: risk_category_riskcategory risk_category_riskcategory_pkey; Type: CONSTRAINT; Schema: public; Owner: postgres
--

ALTER TABLE ONLY public.risk_category_riskcategory
    ADD CONSTRAINT risk_category_riskcategory_pkey PRIMARY KEY (id);


--
-- Name: risk_information risk_information_pkey; Type: CONSTRAINT; Schema: public; Owner: postgres
--

ALTER TABLE ONLY public.risk_information
    ADD CONSTRAINT risk_information_pkey PRIMARY KEY (id);


--
-- Name: risk_type_risktype risk_type_risktype_pkey; Type: CONSTRAINT; Schema: public; Owner: postgres
--

ALTER TABLE ONLY public.risk_type_risktype
    ADD CONSTRAINT risk_type_risktype_pkey PRIMARY KEY (id);


--
-- Name: auth_group_name_a6ea08ec_like; Type: INDEX; Schema: public; Owner: postgres
--

CREATE INDEX auth_group_name_a6ea08ec_like ON public.auth_group USING btree (name varchar_pattern_ops);


--
-- Name: auth_group_permissions_group_id_b120cbf9; Type: INDEX; Schema: public; Owner: postgres
--

CREATE INDEX auth_group_permissions_group_id_b120cbf9 ON public.auth_group_permissions USING btree (group_id);


--
-- Name: auth_group_permissions_permission_id_84c5c92e; Type: INDEX; Schema: public; Owner: postgres
--

CREATE INDEX auth_group_permissions_permission_id_84c5c92e ON public.auth_group_permissions USING btree (permission_id);


--
-- Name: auth_permission_content_type_id_2f476e4b; Type: INDEX; Schema: public; Owner: postgres
--

CREATE INDEX auth_permission_content_type_id_2f476e4b ON public.auth_permission USING btree (content_type_id);


--
-- Name: auth_user_groups_group_id_97559544; Type: INDEX; Schema: public; Owner: postgres
--

CREATE INDEX auth_user_groups_group_id_97559544 ON public.auth_user_groups USING btree (group_id);


--
-- Name: auth_user_groups_user_id_6a12ed8b; Type: INDEX; Schema: public; Owner: postgres
--

CREATE INDEX auth_user_groups_user_id_6a12ed8b ON public.auth_user_groups USING btree (user_id);


--
-- Name: auth_user_user_permissions_permission_id_1fbb5f2c; Type: INDEX; Schema: public; Owner: postgres
--

CREATE INDEX auth_user_user_permissions_permission_id_1fbb5f2c ON public.auth_user_user_permissions USING btree (permission_id);


--
-- Name: auth_user_user_permissions_user_id_a95ead1b; Type: INDEX; Schema: public; Owner: postgres
--

CREATE INDEX auth_user_user_permissions_user_id_a95ead1b ON public.auth_user_user_permissions USING btree (user_id);


--
-- Name: auth_user_username_6821ab7c_like; Type: INDEX; Schema: public; Owner: postgres
--

CREATE INDEX auth_user_username_6821ab7c_like ON public.auth_user USING btree (username varchar_pattern_ops);


--
-- Name: authtoken_token_key_10f0b77e_like; Type: INDEX; Schema: public; Owner: postgres
--

CREATE INDEX authtoken_token_key_10f0b77e_like ON public.authtoken_token USING btree (key varchar_pattern_ops);


--
-- Name: citizen_science_citizenscience_country_id_f294d982; Type: INDEX; Schema: public; Owner: postgres
--

CREATE INDEX citizen_science_citizenscience_country_id_f294d982 ON public.citizen_science_citizenscience USING btree (country_id);


--
-- Name: citizen_science_citizenscience_island_id_080e902a; Type: INDEX; Schema: public; Owner: postgres
--

CREATE INDEX citizen_science_citizenscience_island_id_080e902a ON public.citizen_science_citizenscience USING btree (island_id);


--
-- Name: citizen_science_citizenscience_region_id_818df5f3; Type: INDEX; Schema: public; Owner: postgres
--

CREATE INDEX citizen_science_citizenscience_region_id_818df5f3 ON public.citizen_science_citizenscience USING btree (region_id);


--
-- Name: citizen_science_citizensciencemedia_citizen_science_id_a7d3ac45; Type: INDEX; Schema: public; Owner: postgres
--

CREATE INDEX citizen_science_citizensciencemedia_citizen_science_id_a7d3ac45 ON public.citizen_science_citizensciencemedia USING btree (citizen_science_id);


--
-- Name: country_country_regions_country_id_afd0d77d; Type: INDEX; Schema: public; Owner: postgres
--

CREATE INDEX country_country_regions_country_id_afd0d77d ON public.country_country_regions USING btree (country_id);


--
-- Name: country_country_regions_region_id_812857c3; Type: INDEX; Schema: public; Owner: postgres
--

CREATE INDEX country_country_regions_region_id_812857c3 ON public.country_country_regions USING btree (region_id);


--
-- Name: cyclone_track_cyclonetrack_country_id_2aed8978; Type: INDEX; Schema: public; Owner: postgres
--

CREATE INDEX cyclone_track_cyclonetrack_country_id_2aed8978 ON public.cyclone_track_cyclonetrack USING btree (country_id);


--
-- Name: cyclone_track_cyclonetrack_cyclone_track_type_id_578a292c; Type: INDEX; Schema: public; Owner: postgres
--

CREATE INDEX cyclone_track_cyclonetrack_cyclone_track_type_id_578a292c ON public.cyclone_track_cyclonetrack USING btree (cyclone_track_type_id);


--
-- Name: cyclone_track_cyclonetrack_mail_configuration_id_8e6477c3; Type: INDEX; Schema: public; Owner: postgres
--

CREATE INDEX cyclone_track_cyclonetrack_mail_configuration_id_8e6477c3 ON public.cyclone_track_cyclonetrack USING btree (mail_configuration_id);


--
-- Name: django_admin_log_content_type_id_c4bce8eb; Type: INDEX; Schema: public; Owner: postgres
--

CREATE INDEX django_admin_log_content_type_id_c4bce8eb ON public.django_admin_log USING btree (content_type_id);


--
-- Name: django_admin_log_user_id_c564eba6; Type: INDEX; Schema: public; Owner: postgres
--

CREATE INDEX django_admin_log_user_id_c564eba6 ON public.django_admin_log USING btree (user_id);


--
-- Name: django_session_expire_date_a5c62663; Type: INDEX; Schema: public; Owner: postgres
--

CREATE INDEX django_session_expire_date_a5c62663 ON public.django_session USING btree (expire_date);


--
-- Name: django_session_session_key_c0390e0f_like; Type: INDEX; Schema: public; Owner: postgres
--

CREATE INDEX django_session_session_key_c0390e0f_like ON public.django_session USING btree (session_key varchar_pattern_ops);


--
-- Name: event_citizen_sciences_citizenscience_id_a10a3fc3; Type: INDEX; Schema: public; Owner: postgres
--

CREATE INDEX event_citizen_sciences_citizenscience_id_a10a3fc3 ON public.event_citizen_sciences USING btree (citizenscience_id);


--
-- Name: event_citizen_sciences_event_id_e3bc295e; Type: INDEX; Schema: public; Owner: postgres
--

CREATE INDEX event_citizen_sciences_event_id_e3bc295e ON public.event_citizen_sciences USING btree (event_id);


--
-- Name: event_country_id_65c3a991; Type: INDEX; Schema: public; Owner: postgres
--

CREATE INDEX event_country_id_65c3a991 ON public.event USING btree (country_id);


--
-- Name: event_cyclone_track_id_625ecbb7; Type: INDEX; Schema: public; Owner: postgres
--

CREATE INDEX event_cyclone_track_id_625ecbb7 ON public.event USING btree (cyclone_track_id);


--
-- Name: event_event_type_id_f521c6ee; Type: INDEX; Schema: public; Owner: postgres
--

CREATE INDEX event_event_type_id_f521c6ee ON public.event USING btree (event_type_id);


--
-- Name: event_hazards_event_id_747e4677; Type: INDEX; Schema: public; Owner: postgres
--

CREATE INDEX event_hazards_event_id_747e4677 ON public.event_hazards USING btree (event_id);


--
-- Name: event_hazards_hazardinformation_id_f8977dd7; Type: INDEX; Schema: public; Owner: postgres
--

CREATE INDEX event_hazards_hazardinformation_id_f8977dd7 ON public.event_hazards USING btree (hazardinformation_id);


--
-- Name: event_model_run_id_74e3b395; Type: INDEX; Schema: public; Owner: postgres
--

CREATE INDEX event_model_run_id_74e3b395 ON public.event USING btree (model_run_id);


--
-- Name: event_risks_event_id_a73cef63; Type: INDEX; Schema: public; Owner: postgres
--

CREATE INDEX event_risks_event_id_a73cef63 ON public.event_risks USING btree (event_id);


--
-- Name: event_risks_riskinformation_id_b5d662a1; Type: INDEX; Schema: public; Owner: postgres
--

CREATE INDEX event_risks_riskinformation_id_b5d662a1 ON public.event_risks USING btree (riskinformation_id);


--
-- Name: hazard_information_country_id_3a01fee4; Type: INDEX; Schema: public; Owner: postgres
--

CREATE INDEX hazard_information_country_id_3a01fee4 ON public.hazard_information USING btree (country_id);


--
-- Name: hazard_information_event_type_id_8d2cded5; Type: INDEX; Schema: public; Owner: postgres
--

CREATE INDEX hazard_information_event_type_id_8d2cded5 ON public.hazard_information USING btree (event_type_id);


--
-- Name: hazard_information_hazard_type_id_8dc8beec; Type: INDEX; Schema: public; Owner: postgres
--

CREATE INDEX hazard_information_hazard_type_id_8dc8beec ON public.hazard_information USING btree (hazard_type_id);


--
-- Name: hazard_information_model_run_id_40838070; Type: INDEX; Schema: public; Owner: postgres
--

CREATE INDEX hazard_information_model_run_id_40838070 ON public.hazard_information USING btree (model_run_id);


--
-- Name: island_island_country_id_3ffba9b8; Type: INDEX; Schema: public; Owner: postgres
--

CREATE INDEX island_island_country_id_3ffba9b8 ON public.island_island USING btree (country_id);


--
-- Name: island_island_region_id_59039b70; Type: INDEX; Schema: public; Owner: postgres
--

CREATE INDEX island_island_region_id_59039b70 ON public.island_island USING btree (region_id);


--
-- Name: mailer_mailconfiguration_name_a4d9dd75_like; Type: INDEX; Schema: public; Owner: postgres
--

CREATE INDEX mailer_mailconfiguration_name_a4d9dd75_like ON public.mailer_mailconfiguration USING btree (name varchar_pattern_ops);


--
-- Name: mailer_mailconfiguration_r_mailconfiguration_id_349b9130; Type: INDEX; Schema: public; Owner: postgres
--

CREATE INDEX mailer_mailconfiguration_r_mailconfiguration_id_349b9130 ON public.mailer_mailconfiguration_recipients USING btree (mailconfiguration_id);


--
-- Name: mailer_mailconfiguration_recipients_mailrecipient_id_5ad2cb8d; Type: INDEX; Schema: public; Owner: postgres
--

CREATE INDEX mailer_mailconfiguration_recipients_mailrecipient_id_5ad2cb8d ON public.mailer_mailconfiguration_recipients USING btree (mailrecipient_id);


--
-- Name: mailer_mailrecipient_email_83ec1142_like; Type: INDEX; Schema: public; Owner: postgres
--

CREATE INDEX mailer_mailrecipient_email_83ec1142_like ON public.mailer_mailrecipient USING btree (email varchar_pattern_ops);


--
-- Name: model_domain_name_7a69d626_like; Type: INDEX; Schema: public; Owner: postgres
--

CREATE INDEX model_domain_name_7a69d626_like ON public.model_domain USING btree (name varchar_pattern_ops);


--
-- Name: model_logs_model_run_id_cbf2fed3; Type: INDEX; Schema: public; Owner: postgres
--

CREATE INDEX model_logs_model_run_id_cbf2fed3 ON public.model_logs USING btree (model_run_id);


--
-- Name: model_logs_status_id_f0e443eb; Type: INDEX; Schema: public; Owner: postgres
--

CREATE INDEX model_logs_status_id_f0e443eb ON public.model_logs USING btree (status_id);


--
-- Name: model_priority_name_53ec7ea6_like; Type: INDEX; Schema: public; Owner: postgres
--

CREATE INDEX model_priority_name_53ec7ea6_like ON public.model_priority USING btree (name varchar_pattern_ops);


--
-- Name: model_run_model_domain_id_78070e1b; Type: INDEX; Schema: public; Owner: postgres
--

CREATE INDEX model_run_model_domain_id_78070e1b ON public.model_run USING btree (model_domain_id);


--
-- Name: model_run_models_model_id_5e57e905; Type: INDEX; Schema: public; Owner: postgres
--

CREATE INDEX model_run_models_model_id_5e57e905 ON public.model_run_models USING btree (model_id);


--
-- Name: model_run_models_modelrun_id_956feaaf; Type: INDEX; Schema: public; Owner: postgres
--

CREATE INDEX model_run_models_modelrun_id_956feaaf ON public.model_run_models USING btree (modelrun_id);


--
-- Name: model_run_priority_id_740cd15f; Type: INDEX; Schema: public; Owner: postgres
--

CREATE INDEX model_run_priority_id_740cd15f ON public.model_run USING btree (priority_id);


--
-- Name: model_run_tc_track_id_d1bf8c21; Type: INDEX; Schema: public; Owner: postgres
--

CREATE INDEX model_run_tc_track_id_d1bf8c21 ON public.model_run USING btree (tc_track_id);


--
-- Name: model_status_name_22d9dda4_like; Type: INDEX; Schema: public; Owner: postgres
--

CREATE INDEX model_status_name_22d9dda4_like ON public.model_status USING btree (name varchar_pattern_ops);


--
-- Name: risk_information_country_id_918e0f3e; Type: INDEX; Schema: public; Owner: postgres
--

CREATE INDEX risk_information_country_id_918e0f3e ON public.risk_information USING btree (country_id);


--
-- Name: risk_information_event_type_id_4884c0d3; Type: INDEX; Schema: public; Owner: postgres
--

CREATE INDEX risk_information_event_type_id_4884c0d3 ON public.risk_information USING btree (event_type_id);


--
-- Name: risk_information_model_run_id_be578d25; Type: INDEX; Schema: public; Owner: postgres
--

CREATE INDEX risk_information_model_run_id_be578d25 ON public.risk_information USING btree (model_run_id);


--
-- Name: risk_information_risk_category_id_1fc274de; Type: INDEX; Schema: public; Owner: postgres
--

CREATE INDEX risk_information_risk_category_id_1fc274de ON public.risk_information USING btree (risk_category_id);


--
-- Name: auth_group_permissions auth_group_permissio_permission_id_84c5c92e_fk_auth_perm; Type: FK CONSTRAINT; Schema: public; Owner: postgres
--

ALTER TABLE ONLY public.auth_group_permissions
    ADD CONSTRAINT auth_group_permissio_permission_id_84c5c92e_fk_auth_perm FOREIGN KEY (permission_id) REFERENCES public.auth_permission(id) DEFERRABLE INITIALLY DEFERRED;


--
-- Name: auth_group_permissions auth_group_permissions_group_id_b120cbf9_fk_auth_group_id; Type: FK CONSTRAINT; Schema: public; Owner: postgres
--

ALTER TABLE ONLY public.auth_group_permissions
    ADD CONSTRAINT auth_group_permissions_group_id_b120cbf9_fk_auth_group_id FOREIGN KEY (group_id) REFERENCES public.auth_group(id) DEFERRABLE INITIALLY DEFERRED;


--
-- Name: auth_permission auth_permission_content_type_id_2f476e4b_fk_django_co; Type: FK CONSTRAINT; Schema: public; Owner: postgres
--

ALTER TABLE ONLY public.auth_permission
    ADD CONSTRAINT auth_permission_content_type_id_2f476e4b_fk_django_co FOREIGN KEY (content_type_id) REFERENCES public.django_content_type(id) DEFERRABLE INITIALLY DEFERRED;


--
-- Name: auth_user_groups auth_user_groups_group_id_97559544_fk_auth_group_id; Type: FK CONSTRAINT; Schema: public; Owner: postgres
--

ALTER TABLE ONLY public.auth_user_groups
    ADD CONSTRAINT auth_user_groups_group_id_97559544_fk_auth_group_id FOREIGN KEY (group_id) REFERENCES public.auth_group(id) DEFERRABLE INITIALLY DEFERRED;


--
-- Name: auth_user_groups auth_user_groups_user_id_6a12ed8b_fk_auth_user_id; Type: FK CONSTRAINT; Schema: public; Owner: postgres
--

ALTER TABLE ONLY public.auth_user_groups
    ADD CONSTRAINT auth_user_groups_user_id_6a12ed8b_fk_auth_user_id FOREIGN KEY (user_id) REFERENCES public.auth_user(id) DEFERRABLE INITIALLY DEFERRED;


--
-- Name: auth_user_user_permissions auth_user_user_permi_permission_id_1fbb5f2c_fk_auth_perm; Type: FK CONSTRAINT; Schema: public; Owner: postgres
--

ALTER TABLE ONLY public.auth_user_user_permissions
    ADD CONSTRAINT auth_user_user_permi_permission_id_1fbb5f2c_fk_auth_perm FOREIGN KEY (permission_id) REFERENCES public.auth_permission(id) DEFERRABLE INITIALLY DEFERRED;


--
-- Name: auth_user_user_permissions auth_user_user_permissions_user_id_a95ead1b_fk_auth_user_id; Type: FK CONSTRAINT; Schema: public; Owner: postgres
--

ALTER TABLE ONLY public.auth_user_user_permissions
    ADD CONSTRAINT auth_user_user_permissions_user_id_a95ead1b_fk_auth_user_id FOREIGN KEY (user_id) REFERENCES public.auth_user(id) DEFERRABLE INITIALLY DEFERRED;


--
-- Name: authtoken_token authtoken_token_user_id_35299eff_fk_auth_user_id; Type: FK CONSTRAINT; Schema: public; Owner: postgres
--

ALTER TABLE ONLY public.authtoken_token
    ADD CONSTRAINT authtoken_token_user_id_35299eff_fk_auth_user_id FOREIGN KEY (user_id) REFERENCES public.auth_user(id) DEFERRABLE INITIALLY DEFERRED;


--
-- Name: citizen_science_citizensciencemedia citizen_science_citi_citizen_science_id_a7d3ac45_fk_citizen_s; Type: FK CONSTRAINT; Schema: public; Owner: postgres
--

ALTER TABLE ONLY public.citizen_science_citizensciencemedia
    ADD CONSTRAINT citizen_science_citi_citizen_science_id_a7d3ac45_fk_citizen_s FOREIGN KEY (citizen_science_id) REFERENCES public.citizen_science_citizenscience(id) DEFERRABLE INITIALLY DEFERRED;


--
-- Name: citizen_science_citizenscience citizen_science_citi_country_id_f294d982_fk_country_c; Type: FK CONSTRAINT; Schema: public; Owner: postgres
--

ALTER TABLE ONLY public.citizen_science_citizenscience
    ADD CONSTRAINT citizen_science_citi_country_id_f294d982_fk_country_c FOREIGN KEY (country_id) REFERENCES public.country_country(id) DEFERRABLE INITIALLY DEFERRED;


--
-- Name: citizen_science_citizenscience citizen_science_citi_island_id_080e902a_fk_island_is; Type: FK CONSTRAINT; Schema: public; Owner: postgres
--

ALTER TABLE ONLY public.citizen_science_citizenscience
    ADD CONSTRAINT citizen_science_citi_island_id_080e902a_fk_island_is FOREIGN KEY (island_id) REFERENCES public.island_island(id) DEFERRABLE INITIALLY DEFERRED;


--
-- Name: citizen_science_citizenscience citizen_science_citi_region_id_818df5f3_fk_region_re; Type: FK CONSTRAINT; Schema: public; Owner: postgres
--

ALTER TABLE ONLY public.citizen_science_citizenscience
    ADD CONSTRAINT citizen_science_citi_region_id_818df5f3_fk_region_re FOREIGN KEY (region_id) REFERENCES public.region_region(id) DEFERRABLE INITIALLY DEFERRED;


--
-- Name: country_country_regions country_country_regi_country_id_afd0d77d_fk_country_c; Type: FK CONSTRAINT; Schema: public; Owner: postgres
--

ALTER TABLE ONLY public.country_country_regions
    ADD CONSTRAINT country_country_regi_country_id_afd0d77d_fk_country_c FOREIGN KEY (country_id) REFERENCES public.country_country(id) DEFERRABLE INITIALLY DEFERRED;


--
-- Name: country_country_regions country_country_regions_region_id_812857c3_fk_region_region_id; Type: FK CONSTRAINT; Schema: public; Owner: postgres
--

ALTER TABLE ONLY public.country_country_regions
    ADD CONSTRAINT country_country_regions_region_id_812857c3_fk_region_region_id FOREIGN KEY (region_id) REFERENCES public.region_region(id) DEFERRABLE INITIALLY DEFERRED;


--
-- Name: cyclone_track_cyclonetrack cyclone_track_cyclon_country_id_2aed8978_fk_country_c; Type: FK CONSTRAINT; Schema: public; Owner: postgres
--

ALTER TABLE ONLY public.cyclone_track_cyclonetrack
    ADD CONSTRAINT cyclone_track_cyclon_country_id_2aed8978_fk_country_c FOREIGN KEY (country_id) REFERENCES public.country_country(id) DEFERRABLE INITIALLY DEFERRED;


--
-- Name: cyclone_track_cyclonetrack cyclone_track_cyclon_cyclone_track_type_i_578a292c_fk_cyclone_t; Type: FK CONSTRAINT; Schema: public; Owner: postgres
--

ALTER TABLE ONLY public.cyclone_track_cyclonetrack
    ADD CONSTRAINT cyclone_track_cyclon_cyclone_track_type_i_578a292c_fk_cyclone_t FOREIGN KEY (cyclone_track_type_id) REFERENCES public.cyclone_track_type(id) DEFERRABLE INITIALLY DEFERRED;


--
-- Name: cyclone_track_cyclonetrack cyclone_track_cyclon_mail_configuration_i_8e6477c3_fk_mailer_ma; Type: FK CONSTRAINT; Schema: public; Owner: postgres
--

ALTER TABLE ONLY public.cyclone_track_cyclonetrack
    ADD CONSTRAINT cyclone_track_cyclon_mail_configuration_i_8e6477c3_fk_mailer_ma FOREIGN KEY (mail_configuration_id) REFERENCES public.mailer_mailconfiguration(id) DEFERRABLE INITIALLY DEFERRED;


--
-- Name: django_admin_log django_admin_log_content_type_id_c4bce8eb_fk_django_co; Type: FK CONSTRAINT; Schema: public; Owner: postgres
--

ALTER TABLE ONLY public.django_admin_log
    ADD CONSTRAINT django_admin_log_content_type_id_c4bce8eb_fk_django_co FOREIGN KEY (content_type_id) REFERENCES public.django_content_type(id) DEFERRABLE INITIALLY DEFERRED;


--
-- Name: django_admin_log django_admin_log_user_id_c564eba6_fk_auth_user_id; Type: FK CONSTRAINT; Schema: public; Owner: postgres
--

ALTER TABLE ONLY public.django_admin_log
    ADD CONSTRAINT django_admin_log_user_id_c564eba6_fk_auth_user_id FOREIGN KEY (user_id) REFERENCES public.auth_user(id) DEFERRABLE INITIALLY DEFERRED;


--
-- Name: event_citizen_sciences event_citizen_scienc_citizenscience_id_a10a3fc3_fk_citizen_s; Type: FK CONSTRAINT; Schema: public; Owner: postgres
--

ALTER TABLE ONLY public.event_citizen_sciences
    ADD CONSTRAINT event_citizen_scienc_citizenscience_id_a10a3fc3_fk_citizen_s FOREIGN KEY (citizenscience_id) REFERENCES public.citizen_science_citizenscience(id) DEFERRABLE INITIALLY DEFERRED;


--
-- Name: event_citizen_sciences event_citizen_sciences_event_id_e3bc295e_fk_event_id; Type: FK CONSTRAINT; Schema: public; Owner: postgres
--

ALTER TABLE ONLY public.event_citizen_sciences
    ADD CONSTRAINT event_citizen_sciences_event_id_e3bc295e_fk_event_id FOREIGN KEY (event_id) REFERENCES public.event(id) DEFERRABLE INITIALLY DEFERRED;


--
-- Name: event event_country_id_65c3a991_fk_country_country_id; Type: FK CONSTRAINT; Schema: public; Owner: postgres
--

ALTER TABLE ONLY public.event
    ADD CONSTRAINT event_country_id_65c3a991_fk_country_country_id FOREIGN KEY (country_id) REFERENCES public.country_country(id) DEFERRABLE INITIALLY DEFERRED;


--
-- Name: event event_cyclone_track_id_625ecbb7_fk_cyclone_t; Type: FK CONSTRAINT; Schema: public; Owner: postgres
--

ALTER TABLE ONLY public.event
    ADD CONSTRAINT event_cyclone_track_id_625ecbb7_fk_cyclone_t FOREIGN KEY (cyclone_track_id) REFERENCES public.cyclone_track_cyclonetrack(id) DEFERRABLE INITIALLY DEFERRED;


--
-- Name: event event_event_type_id_f521c6ee_fk_event_type_id; Type: FK CONSTRAINT; Schema: public; Owner: postgres
--

ALTER TABLE ONLY public.event
    ADD CONSTRAINT event_event_type_id_f521c6ee_fk_event_type_id FOREIGN KEY (event_type_id) REFERENCES public.event_type(id) DEFERRABLE INITIALLY DEFERRED;


--
-- Name: event_hazards event_hazards_event_id_747e4677_fk_event_id; Type: FK CONSTRAINT; Schema: public; Owner: postgres
--

ALTER TABLE ONLY public.event_hazards
    ADD CONSTRAINT event_hazards_event_id_747e4677_fk_event_id FOREIGN KEY (event_id) REFERENCES public.event(id) DEFERRABLE INITIALLY DEFERRED;


--
-- Name: event_hazards event_hazards_hazardinformation_id_f8977dd7_fk_hazard_in; Type: FK CONSTRAINT; Schema: public; Owner: postgres
--

ALTER TABLE ONLY public.event_hazards
    ADD CONSTRAINT event_hazards_hazardinformation_id_f8977dd7_fk_hazard_in FOREIGN KEY (hazardinformation_id) REFERENCES public.hazard_information(id) DEFERRABLE INITIALLY DEFERRED;


--
-- Name: event event_model_run_id_74e3b395_fk_model_run_id; Type: FK CONSTRAINT; Schema: public; Owner: postgres
--

ALTER TABLE ONLY public.event
    ADD CONSTRAINT event_model_run_id_74e3b395_fk_model_run_id FOREIGN KEY (model_run_id) REFERENCES public.model_run(id) DEFERRABLE INITIALLY DEFERRED;


--
-- Name: event_risks event_risks_event_id_a73cef63_fk_event_id; Type: FK CONSTRAINT; Schema: public; Owner: postgres
--

ALTER TABLE ONLY public.event_risks
    ADD CONSTRAINT event_risks_event_id_a73cef63_fk_event_id FOREIGN KEY (event_id) REFERENCES public.event(id) DEFERRABLE INITIALLY DEFERRED;


--
-- Name: event_risks event_risks_riskinformation_id_b5d662a1_fk_risk_information_id; Type: FK CONSTRAINT; Schema: public; Owner: postgres
--

ALTER TABLE ONLY public.event_risks
    ADD CONSTRAINT event_risks_riskinformation_id_b5d662a1_fk_risk_information_id FOREIGN KEY (riskinformation_id) REFERENCES public.risk_information(id) DEFERRABLE INITIALLY DEFERRED;


--
-- Name: hazard_information hazard_information_country_id_3a01fee4_fk_country_country_id; Type: FK CONSTRAINT; Schema: public; Owner: postgres
--

ALTER TABLE ONLY public.hazard_information
    ADD CONSTRAINT hazard_information_country_id_3a01fee4_fk_country_country_id FOREIGN KEY (country_id) REFERENCES public.country_country(id) DEFERRABLE INITIALLY DEFERRED;


--
-- Name: hazard_information hazard_information_event_type_id_8d2cded5_fk_event_type_id; Type: FK CONSTRAINT; Schema: public; Owner: postgres
--

ALTER TABLE ONLY public.hazard_information
    ADD CONSTRAINT hazard_information_event_type_id_8d2cded5_fk_event_type_id FOREIGN KEY (event_type_id) REFERENCES public.event_type(id) DEFERRABLE INITIALLY DEFERRED;


--
-- Name: hazard_information hazard_information_hazard_type_id_8dc8beec_fk_event_typ; Type: FK CONSTRAINT; Schema: public; Owner: postgres
--

ALTER TABLE ONLY public.hazard_information
    ADD CONSTRAINT hazard_information_hazard_type_id_8dc8beec_fk_event_typ FOREIGN KEY (hazard_type_id) REFERENCES public.event_type_hazardtype(id) DEFERRABLE INITIALLY DEFERRED;


--
-- Name: hazard_information hazard_information_model_run_id_40838070_fk_model_run_id; Type: FK CONSTRAINT; Schema: public; Owner: postgres
--

ALTER TABLE ONLY public.hazard_information
    ADD CONSTRAINT hazard_information_model_run_id_40838070_fk_model_run_id FOREIGN KEY (model_run_id) REFERENCES public.model_run(id) DEFERRABLE INITIALLY DEFERRED;


--
-- Name: island_island island_island_country_id_3ffba9b8_fk_country_country_id; Type: FK CONSTRAINT; Schema: public; Owner: postgres
--

ALTER TABLE ONLY public.island_island
    ADD CONSTRAINT island_island_country_id_3ffba9b8_fk_country_country_id FOREIGN KEY (country_id) REFERENCES public.country_country(id) DEFERRABLE INITIALLY DEFERRED;


--
-- Name: island_island island_island_region_id_59039b70_fk_region_region_id; Type: FK CONSTRAINT; Schema: public; Owner: postgres
--

ALTER TABLE ONLY public.island_island
    ADD CONSTRAINT island_island_region_id_59039b70_fk_region_region_id FOREIGN KEY (region_id) REFERENCES public.region_region(id) DEFERRABLE INITIALLY DEFERRED;


--
-- Name: mailer_mailconfiguration_recipients mailer_mailconfigura_mailconfiguration_id_349b9130_fk_mailer_ma; Type: FK CONSTRAINT; Schema: public; Owner: postgres
--

ALTER TABLE ONLY public.mailer_mailconfiguration_recipients
    ADD CONSTRAINT mailer_mailconfigura_mailconfiguration_id_349b9130_fk_mailer_ma FOREIGN KEY (mailconfiguration_id) REFERENCES public.mailer_mailconfiguration(id) DEFERRABLE INITIALLY DEFERRED;


--
-- Name: mailer_mailconfiguration_recipients mailer_mailconfigura_mailrecipient_id_5ad2cb8d_fk_mailer_ma; Type: FK CONSTRAINT; Schema: public; Owner: postgres
--

ALTER TABLE ONLY public.mailer_mailconfiguration_recipients
    ADD CONSTRAINT mailer_mailconfigura_mailrecipient_id_5ad2cb8d_fk_mailer_ma FOREIGN KEY (mailrecipient_id) REFERENCES public.mailer_mailrecipient(id) DEFERRABLE INITIALLY DEFERRED;


--
-- Name: model_logs model_logs_model_run_id_cbf2fed3_fk_model_run_id; Type: FK CONSTRAINT; Schema: public; Owner: postgres
--

ALTER TABLE ONLY public.model_logs
    ADD CONSTRAINT model_logs_model_run_id_cbf2fed3_fk_model_run_id FOREIGN KEY (model_run_id) REFERENCES public.model_run(id) DEFERRABLE INITIALLY DEFERRED;


--
-- Name: model_logs model_logs_status_id_f0e443eb_fk_model_status_id; Type: FK CONSTRAINT; Schema: public; Owner: postgres
--

ALTER TABLE ONLY public.model_logs
    ADD CONSTRAINT model_logs_status_id_f0e443eb_fk_model_status_id FOREIGN KEY (status_id) REFERENCES public.model_status(id) DEFERRABLE INITIALLY DEFERRED;


--
-- Name: model_run model_run_model_domain_id_78070e1b_fk_model_domain_id; Type: FK CONSTRAINT; Schema: public; Owner: postgres
--

ALTER TABLE ONLY public.model_run
    ADD CONSTRAINT model_run_model_domain_id_78070e1b_fk_model_domain_id FOREIGN KEY (model_domain_id) REFERENCES public.model_domain(id) DEFERRABLE INITIALLY DEFERRED;


--
-- Name: model_run_models model_run_models_model_id_5e57e905_fk_model_id; Type: FK CONSTRAINT; Schema: public; Owner: postgres
--

ALTER TABLE ONLY public.model_run_models
    ADD CONSTRAINT model_run_models_model_id_5e57e905_fk_model_id FOREIGN KEY (model_id) REFERENCES public.model(id) DEFERRABLE INITIALLY DEFERRED;


--
-- Name: model_run_models model_run_models_modelrun_id_956feaaf_fk_model_run_id; Type: FK CONSTRAINT; Schema: public; Owner: postgres
--

ALTER TABLE ONLY public.model_run_models
    ADD CONSTRAINT model_run_models_modelrun_id_956feaaf_fk_model_run_id FOREIGN KEY (modelrun_id) REFERENCES public.model_run(id) DEFERRABLE INITIALLY DEFERRED;


--
-- Name: model_run model_run_priority_id_740cd15f_fk_model_priority_id; Type: FK CONSTRAINT; Schema: public; Owner: postgres
--

ALTER TABLE ONLY public.model_run
    ADD CONSTRAINT model_run_priority_id_740cd15f_fk_model_priority_id FOREIGN KEY (priority_id) REFERENCES public.model_priority(id) DEFERRABLE INITIALLY DEFERRED;


--
-- Name: model_run model_run_tc_track_id_d1bf8c21_fk_cyclone_track_cyclonetrack_id; Type: FK CONSTRAINT; Schema: public; Owner: postgres
--

ALTER TABLE ONLY public.model_run
    ADD CONSTRAINT model_run_tc_track_id_d1bf8c21_fk_cyclone_track_cyclonetrack_id FOREIGN KEY (tc_track_id) REFERENCES public.cyclone_track_cyclonetrack(id) DEFERRABLE INITIALLY DEFERRED;


--
-- Name: risk_information risk_information_country_id_918e0f3e_fk_country_country_id; Type: FK CONSTRAINT; Schema: public; Owner: postgres
--

ALTER TABLE ONLY public.risk_information
    ADD CONSTRAINT risk_information_country_id_918e0f3e_fk_country_country_id FOREIGN KEY (country_id) REFERENCES public.country_country(id) DEFERRABLE INITIALLY DEFERRED;


--
-- Name: risk_information risk_information_event_type_id_4884c0d3_fk_event_type_id; Type: FK CONSTRAINT; Schema: public; Owner: postgres
--

ALTER TABLE ONLY public.risk_information
    ADD CONSTRAINT risk_information_event_type_id_4884c0d3_fk_event_type_id FOREIGN KEY (event_type_id) REFERENCES public.event_type(id) DEFERRABLE INITIALLY DEFERRED;


--
-- Name: risk_information risk_information_model_run_id_be578d25_fk_model_run_id; Type: FK CONSTRAINT; Schema: public; Owner: postgres
--

ALTER TABLE ONLY public.risk_information
    ADD CONSTRAINT risk_information_model_run_id_be578d25_fk_model_run_id FOREIGN KEY (model_run_id) REFERENCES public.model_run(id) DEFERRABLE INITIALLY DEFERRED;


--
-- Name: risk_information risk_information_risk_category_id_1fc274de_fk_risk_cate; Type: FK CONSTRAINT; Schema: public; Owner: postgres
--

ALTER TABLE ONLY public.risk_information
    ADD CONSTRAINT risk_information_risk_category_id_1fc274de_fk_risk_cate FOREIGN KEY (risk_category_id) REFERENCES public.risk_category_riskcategory(id) DEFERRABLE INITIALLY DEFERRED;


--
-- PostgreSQL database dump complete
--

